frame,track_id,x,y
0,-1,730911.4043868785,222011.9919578717
0,-1,730916.7379037198,221998.67755689943
0,-1,730901.5571839927,222000.08816761148
0,-1,730909.51696054,222012.77245441225
0,-1,730908.4725352463,222013.2783980788
0,-1,730914.6731535493,222003.70223491988
0,-1,730914.219075693,222000.09589687263
0,-1,730915.5442864293,222006.9161927006
0,-1,730900.3998379095,222013.5253890861
0,-1,730902.3905756305,222001.87556911583
0,-1,730900.5906432631,222001.79900789348
0,-1,730901.9812100203,221998.79293090585
0,-1,730913.5248503862,222011.99985547012
0,-1,730908.1856065982,222004.7133952013
0,-1,730910.5973965767,222001.5986049917
0,-1,730918.0045695909,221998.01272559917
0,-1,730908.7009751757,222003.1208612985
0,-1,730902.0698477351,222001.1338423973
0,-1,730911.9984946817,222002.7931489702
0,-1,730915.8917173271,221999.7598098183
0,-1,730910.2793777518,222001.06565156343
0,-1,730916.1134090236,221999.13451091797
0,-1,730904.7565778662,221998.5961699751
0,-1,730915.0755654593,221998.2054788643
0,-1,730918.5030133758,221996.19369750356
0,-1,730912.6708242912,221999.8055694568
0,-1,730912.2601036618,222010.9309697674
0,-1,730919.8350948024,221996.72838521845
0,-1,730906.4741047843,222001.42675249884
0,-1,730918.7039598951,221995.6804950552
0,-1,730914.6301143247,221997.7663087973
0,-1,730916.4327250271,221997.2803403581
0,-1,730918.9574711893,221998.02708011837
0,-1,730910.2176843244,222003.8562773328
0,-1,730912.546635412,221998.93032507563
0,-1,730908.8323159621,222004.14101058204
0,-1,730915.5535844894,221996.9627757187
0,-1,730917.4545987739,221999.53987277407
0,-1,730919.4369810068,222003.28768288324
0,-1,730902.5461826111,221998.17352835296
0,-1,730912.342970626,221999.57793351408
0,-1,730901.6996967298,221997.3677082116
0,-1,730917.4534409936,221999.5408763945
0,-1,730916.2061021157,221998.0660961464
0,-1,730914.6843271942,221999.0274317032
0,-1,730918.964305578,221998.0296222172
0,-1,730918.9661864871,222000.96614545892
0,-1,730920.3311349348,221995.6978669032
0,-1,730914.6744463717,221999.01428260253
0,-1,730910.1138514689,222003.4553112474
0,-1,730902.1227268823,221997.4950956103
0,-1,730913.518228967,222001.561121762
0,-1,730916.7083841941,222012.954076868
0,-1,730919.8719743647,222001.26149159652
0,-1,730920.0414613986,222000.3291183069
0,-1,730919.383646637,222000.6853093717
0,-1,730905.3661886479,222000.9617430787
0,-1,730916.5219563948,222012.95438751733
10,-1,730911.4091525578,222011.98805905736
10,-1,730916.5699771724,221998.77838429637
10,-1,730901.5549342592,222000.08953909524
10,-1,730909.5187344801,222012.77049880856
10,-1,730908.4768778904,222013.27620700956
10,-1,730914.3499498822,222003.99197449797
10,-1,730913.9248097574,222000.2277012133
10,-1,730915.2078476681,222006.76732557343
10,-1,730901.6118703566,222001.8891261503
10,-1,730899.9369075957,222001.78186889045
10,-1,730901.8200850693,221998.65964137635
10,-1,730913.5249379942,222012.01127926895
10,-1,730907.7667268121,222004.5883456248
10,-1,730911.3308997741,222001.1194310772
10,-1,730917.8469817507,221998.15479076584
10,-1,730909.4506713249,222002.6027512904
10,-1,730902.8092552734,222001.20783229417
10,-1,730911.7388556706,222003.02524677923
10,-1,730915.6574604227,221999.86010535213
10,-1,730910.6833811257,222000.81996573767
10,-1,730915.8977918015,221999.25466694127
10,-1,730904.7690629683,221998.58438461265
10,-1,730915.443776384,221997.97096546757
10,-1,730918.7356168614,221995.9606646225
10,-1,730913.2576030353,221999.53828028316
10,-1,730912.2713915359,222010.93079461405
10,-1,730919.6637171792,221996.95795807216
10,-1,730906.8900712427,222001.4842261372
10,-1,730918.9256854731,221995.48622064877
10,-1,730914.7227977364,221997.6836983814
10,-1,730916.6633575757,221997.06767543097
10,-1,730918.6726940183,221998.2817614524
10,-1,730909.8406603294,222003.9264299668
10,-1,730912.5394718883,221998.9398939633
10,-1,730908.5112550597,222003.93781865237
10,-1,730915.5548468184,221996.9611334495
10,-1,730917.102650016,221999.8428760873
10,-1,730902.7051228085,221998.30450402
10,-1,730912.9137161457,221999.31836203483
10,-1,730901.8979474893,221997.5585369587
10,-1,730917.1056480474,221999.8407017485
10,-1,730916.1995987978,221998.0122432045
10,-1,730919.6650579198,221996.9554791256
10,-1,730918.9847651825,222000.96008015465
10,-1,730920.1895333689,221995.87675912
10,-1,730915.0491843313,221998.74405372364
10,-1,730908.6355717207,222004.12670749347
10,-1,730913.3920251048,222001.5185756091
10,-1,730916.7100298684,222012.95981974973
10,-1,730919.8664371546,222001.2826651165
10,-1,730919.9901483041,222000.3187722795
10,-1,730905.2172193012,222001.06428586305
10,-1,730915.053602483,221998.73644322803
10,-1,730915.0570700156,221997.2223316552
10,-1,730909.5160462226,222002.84619564895
10,-1,730902.2676698932,221997.65909646187
10,-1,730918.785163276,221996.030625605
20,-1,730911.4039101169,222011.98063156396
20,-1,730916.413534528,221998.9069573882
20,-1,730901.5597500347,222000.07217619335
20,-1,730909.5156711057,222012.77209501737
20,-1,730908.4819334989,222013.2757517761
20,-1,730913.9924000233,222004.2744671062
20,-1,730913.6491878601,222000.3086387908
20,-1,730914.9404681793,222006.60878700708
20,-1,730900.8865056238,222001.8443083741
20,-1,730901.6699028846,221998.5048187255
20,-1,730913.5244060542,222012.00849747023
20,-1,730907.3356525791,222004.39093912588
20,-1,730912.029707316,222000.6396114913
20,-1,730917.6667833129,221998.3133779744
20,-1,730910.123413321,222001.9682384564
20,-1,730903.4914429563,222001.29600857952
20,-1,730911.4585092359,222003.27331865623
20,-1,730915.4436640909,221999.92911184704
20,-1,730911.0947000061,222000.5664932302
20,-1,730915.6743372973,221999.3956263492
20,-1,730904.8284899633,221998.57705915437
20,-1,730915.8000561695,221997.74737953293
20,-1,730919.0314152102,221995.82230679944
20,-1,730913.8138119262,221999.20765127972
20,-1,730912.2719307363,222010.9077454248
20,-1,730919.4987770468,221997.17369324333
20,-1,730907.355591376,222001.53736452365
20,-1,730919.1477982687,221995.31665018405
20,-1,730914.7862229941,221997.62333729467
20,-1,730916.9171554109,221996.89926347244
20,-1,730918.3883147134,221998.53911139647
20,-1,730909.4809827104,222003.7479924929
20,-1,730912.5530191765,221998.9415853911
20,-1,730908.1518015427,222003.8149803868
20,-1,730915.555591244,221996.94389798824
20,-1,730916.7476277192,222000.1607416166
20,-1,730902.8755377122,221998.43276832148
20,-1,730913.4844466606,221999.04503998495
20,-1,730902.0914075213,221997.62452329765
20,-1,730916.7480826997,222000.1657981368
20,-1,730918.9420212113,222001.003520044
20,-1,730920.0708473343,221996.02120605207
20,-1,730915.43873094,221998.46875603488
20,-1,730902.4351692913,221997.8070142909
20,-1,730916.7132263489,222012.94780439523
20,-1,730919.866178687,222001.25270397955
20,-1,730919.9618523857,222000.3167109229
20,-1,730919.3845962879,222000.67985256005
20,-1,730905.1206695228,222001.07796393504
20,-1,730916.6175594263,222012.9577377382
20,-1,730915.4333641055,221998.46772205175
20,-1,730904.3982199327,221998.42765747893
20,-1,730908.3283083457,222004.003873772
20,-1,730909.1162247977,222003.02886324143
20,-1,730913.3174073254,222001.51432173737
20,-1,730907.9140921105,222003.7345197304
20,-1,730919.3342163876,222000.69155871103
20,-1,730918.2026390841,222009.38171774417
20,-1,730919.496900978,221997.1686529372
20,-1,730918.9586560748,221995.7583421856
30,-1,730911.3961275293,222011.96708444387
30,-1,730916.2191968433,221999.0066737593
30,-1,730901.5561882388,222000.06478691148
30,-1,730909.5171710894,222012.77575340905
30,-1,730908.4753556417,222013.27750165717
30,-1,730913.5705449547,222004.65993129407
30,-1,730913.3707184622,222000.4213464593
30,-1,730914.708225774,222006.45923165945
30,-1,730900.2158745076,222001.78319555317
30,-1,730901.5194838924,221998.33774597748
30,-1,730913.519821399,222011.99725295577
30,-1,730906.8613871386,222004.23959217427
30,-1,730912.6845066214,222000.19426138213
30,-1,730917.4944676552,221998.4667283457
30,-1,730910.7506209597,222001.49959088635
30,-1,730904.2018633928,222001.3779656817
30,-1,730911.1586746286,222003.537174783
30,-1,730915.220614229,221999.98312104304
30,-1,730911.4799915785,222000.3227183936
30,-1,730915.3545043585,221999.50340142677
30,-1,730904.895585559,221998.56365692825
30,-1,730916.1465819464,221997.54395048527
30,-1,730919.3030628039,221995.64592737745
30,-1,730914.3200770204,221998.9183991568
30,-1,730912.242512371,222010.89407354928
30,-1,730907.7521771147,222001.6193902
30,-1,730914.9071045518,221997.53822577983
30,-1,730917.1270021242,221996.7414513381
30,-1,730918.0741215975,221998.7940653749
30,-1,730909.1049253072,222003.6018266104
30,-1,730912.5492104084,221998.9258362547
30,-1,730915.553534151,221996.94271064267
30,-1,730916.3315625204,222000.5157444064
30,-1,730919.9328575396,222000.89584101163
30,-1,730903.0400064073,221998.6037262517
30,-1,730913.9897514556,221998.73545375615
30,-1,730902.2628756566,221997.796337579
30,-1,730916.3293069784,222000.5208730121
30,-1,730918.9893440293,222000.93077005932
30,-1,730919.8907360205,221996.20645627865
30,-1,730915.7678445141,221998.20449362672
30,-1,730908.1158542065,222003.93153709144
30,-1,730902.6048767971,221997.89513480812
30,-1,730913.0520486279,222001.4994306045
30,-1,730916.7110530906,222012.93662019295
30,-1,730919.9274113255,222001.20403303628
30,-1,730919.895882141,222000.58579645117
30,-1,730904.9423916837,222001.09792212208
30,-1,730916.6175110241,222012.9553971277
30,-1,730914.7488739305,221999.43568069785
30,-1,730915.7658416317,221998.1992989254
30,-1,730904.3818343404,221998.4555237984
30,-1,730908.666235474,222002.82620586
30,-1,730902.0145391612,221997.33735246325
30,-1,730907.4195848753,222003.46413005327
30,-1,730903.0265106675,221998.6059801117
30,-1,730917.9155705536,222009.2928695557
30,-1,730919.3039582444,221997.38391258148
30,-1,730919.0715696645,221995.5492558577
30,-1,730915.2834625326,221999.7646608225
40,-1,730911.3989566371,222011.9682427693
40,-1,730916.0230924789,221999.12976752568
40,-1,730901.5556481914,222000.06975378952
40,-1,730909.5178414597,222012.77371105488
40,-1,730908.4746344491,222013.27743804007
40,-1,730913.1343173409,222005.04845860004
40,-1,730913.1222414793,222000.5006857625
40,-1,730914.5108072901,222006.34906350792
40,-1,730901.3955084669,221998.2019365531
40,-1,730913.5205638885,222011.99172488475
40,-1,730906.3814276649,222004.0263132293
40,-1,730913.3062133517,221999.7208677347
40,-1,730917.35292514,221998.5782105604
40,-1,730911.3750575733,222001.05668053115
40,-1,730904.9057456619,222001.3159481772
40,-1,730910.8172518943,222003.78356845136
40,-1,730914.9668096175,222000.14846084692
40,-1,730911.8497305602,222000.1091986128
40,-1,730915.1582131615,221999.6072349343
40,-1,730904.9291577998,221998.54928092795
40,-1,730916.457091656,221997.2637992105
40,-1,730919.5350089879,221995.4480747719
40,-1,730914.8071724287,221998.58482445823
40,-1,730912.2542799107,222010.8907200236
40,-1,730908.1516389113,222001.7147010926
40,-1,730914.9928867797,221997.4762837689
40,-1,730917.3686422982,221996.5592826125
40,-1,730917.7597368087,221999.08956663063
40,-1,730908.7103046973,222003.43945821695
40,-1,730912.5527316675,221998.9352353593
40,-1,730915.5644459401,221996.9484789816
40,-1,730915.9196337723,222000.86638364708
40,-1,730919.8787874567,222000.9210145549
40,-1,730903.197847149,221998.73676802596
40,-1,730914.4596737678,221998.436193313
40,-1,730902.4390649413,221997.928282063
40,-1,730915.9303790579,222000.86933522887
40,-1,730919.0844853041,222000.87845105183
40,-1,730919.7257658787,221996.39088743608
40,-1,730916.1220362294,221997.92594145244
40,-1,730907.8595520422,222003.80920776207
40,-1,730902.7957208119,221998.015448738
40,-1,730912.8807624847,222001.49059341583
40,-1,730916.7063677589,222012.9273684609
40,-1,730919.8919789887,222001.2353136067
40,-1,730916.6009758691,222012.94614787417
40,-1,730904.3756916188,221998.47049806712
40,-1,730908.1553566833,222002.58607743515
40,-1,730902.1785396861,221997.48146050045
40,-1,730906.9511620629,222003.3052977746
40,-1,730918.9400386576,222000.98199910903
40,-1,730917.6194750153,222009.2086373189
40,-1,730919.118035764,221997.6200474893
40,-1,730919.3063483444,221995.3956218692
40,-1,730918.6771983259,222006.05410774748
40,-1,730917.7642188512,221999.0806451701
40,-1,730901.3265656019,221997.3924167103
50,-1,730911.3970466868,222011.98312502055
50,-1,730915.8048508902,221999.27363699905
50,-1,730901.5573604187,222000.09086926928
50,-1,730909.5149644337,222012.77717859545
50,-1,730908.4711722407,222013.2808031325
50,-1,730912.6205649123,222005.61356898517
50,-1,730912.8446607456,222000.63155299143
50,-1,730914.3479469997,222006.2722538074
50,-1,730901.4336052232,221997.54311055472
50,-1,730913.5215643618,222011.99483881384
50,-1,730905.8692485493,222003.6223885395
50,-1,730913.9029005074,221999.4188195029
50,-1,730917.1946267557,221998.759595072
50,-1,730912.0224271431,222000.60566003883
50,-1,730905.5692336439,222001.53372802612
50,-1,730910.4670644919,222004.19063929192
50,-1,730914.722013621,222000.2838085316
50,-1,730912.1878488772,221999.87658525805
50,-1,730914.8442330151,221999.69638716252
50,-1,730904.9746771525,221998.572488127
50,-1,730916.7509345566,221997.06362366723
50,-1,730915.2697395446,221998.29504832104
50,-1,730912.268140845,222010.91166819885
50,-1,730918.9152635143,221997.88152324484
50,-1,730908.5313274466,222001.83442377663
50,-1,730915.0690766621,221997.4510492937
50,-1,730917.5897115426,221996.41366460055
50,-1,730917.4096563752,221999.42462372963
50,-1,730908.2776302879,222003.32046134528
50,-1,730912.5639653311,221998.9432879725
50,-1,730915.5699037707,221996.97284089145
50,-1,730915.46276553,222001.30803343523
50,-1,730919.7916702965,222000.8971112865
50,-1,730903.394541778,221998.9388104085
50,-1,730914.9282650199,221998.13079961095
50,-1,730902.6099641089,221998.0854662891
50,-1,730917.4108761103,221999.43426625195
50,-1,730915.4407977134,222001.3196166897
50,-1,730919.5443254408,221996.59938111095
50,-1,730907.5912519437,222003.68632033796
50,-1,730902.9913152594,221998.1694687404
50,-1,730912.7241383321,222001.49718562604
50,-1,730916.7138739701,222012.9588010512
50,-1,730919.8546734871,222001.25402382613
50,-1,730919.8148278388,222001.1121962938
50,-1,730919.3660437296,222000.7098769009
50,-1,730904.7286149547,222001.1337990221
50,-1,730916.425860629,221997.73523653133
50,-1,730917.2038357557,221998.7479446892
50,-1,730904.3917514645,221998.4960700429
50,-1,730907.547966352,222002.42156444592
50,-1,730902.3392315586,221997.67537715152
50,-1,730918.9400144565,222001.017994568
50,-1,730903.3988084309,221998.93815286053
50,-1,730917.2430676643,222008.7465567602
50,-1,730918.9173070546,221997.87311722667
50,-1,730919.5019783675,221995.29976208613
50,-1,730918.3835519382,222005.78343385927
50,-1,730917.2739414833,222009.03287134672
50,-1,730901.4330012848,221997.5520187962
60,-1,730911.3962146533,222011.99052855436
60,-1,730915.5797071496,221999.36850752973
60,-1,730901.5489051617,222000.08512225657
60,-1,730909.516141575,222012.77636727196
60,-1,730908.4676664702,222013.2723916408
60,-1,730912.088779281,222006.0324540017
60,-1,730912.5049393481,222000.72650139095
60,-1,730914.2196492589,222006.1568574937
60,-1,730913.5237976386,222012.00250259903
60,-1,730905.2614843111,222003.66711047705
60,-1,730914.4664036079,221999.05182676413
60,-1,730917.0366129762,221998.92955051776
60,-1,730912.6130282078,221999.91057863992
60,-1,730906.292479934,222001.62099818207
60,-1,730910.0647793957,222004.5369984292
60,-1,730914.4846415519,222000.3070626172
60,-1,730912.536097772,221999.7025369453
60,-1,730914.6031059044,221999.7594985493
60,-1,730904.9726338541,221998.55942092295
60,-1,730915.703699032,221998.0083926193
60,-1,730912.2536410019,222010.90640698883
60,-1,730908.8906909355,222001.89989374368
60,-1,730915.1428532115,221997.4138436656
60,-1,730917.811733342,221996.23720534745
60,-1,730917.0219422734,221999.706447533
60,-1,730907.8330833062,222003.1737567836
60,-1,730912.5683050711,221998.921810103
60,-1,730915.5754100035,221996.94119798284
60,-1,730914.9430760891,222001.7633422929
60,-1,730919.662162501,222000.77329108812
60,-1,730903.5913039283,221999.08183850552
60,-1,730915.3646271918,221997.84240538825
60,-1,730902.7694909407,221998.2196440816
60,-1,730914.9350248693,222001.7536675489
60,-1,730901.559777624,221997.6355918326
60,-1,730919.3701869568,221996.7542712
60,-1,730916.7064742438,221997.46841405457
60,-1,730907.3461568217,222003.5402226165
60,-1,730903.2229371485,221998.28734549813
60,-1,730916.7088362705,222012.96111687596
60,-1,730919.882272414,222001.16627179197
60,-1,730919.3556266109,222000.70479311628
60,-1,730916.5489590068,222012.9559035852
60,-1,730916.7070211885,221997.46523526916
60,-1,730917.0450707744,221998.93551420013
60,-1,730904.3818372445,221998.48719959983
60,-1,730906.9493910269,222002.20604320764
60,-1,730902.4967054116,221997.87938339968
60,-1,730918.9349632043,222001.0235102461
60,-1,730903.592602075,221999.0851412202
60,-1,730916.9909435768,222008.8564394613
60,-1,730918.7065445718,221998.12680124008
60,-1,730918.0016431947,222005.36540891175
60,-1,730917.1159277039,222008.92848366883
70,-1,730911.3969295535,222011.99254364404
70,-1,730915.3468635892,221999.4907775796
70,-1,730901.5533141169,222000.08579746445
70,-1,730909.5124363875,222012.7797331905
70,-1,730908.4673474998,222013.27622270724
70,-1,730911.5040252004,222006.598840445
70,-1,730912.1219909256,222000.81725127387
70,-1,730914.0817373918,222006.0605169555
70,-1,730901.6807012915,221997.75567618356
70,-1,730913.5236209707,222012.0092807032
70,-1,730904.7771304029,222003.50784857693
70,-1,730914.976471662,221998.70567624108
70,-1,730913.2920847533,221999.79999718437
70,-1,730909.6407878548,222004.88008955205
70,-1,730914.2504209493,222000.4293578661
70,-1,730912.8767480074,221999.4164671191
70,-1,730914.2470231157,221999.9080463521
70,-1,730904.9719310544,221998.56683499072
70,-1,730917.2942791142,221996.65465738036
70,-1,730920.1364177769,221996.7873577812
70,-1,730916.1222075731,221997.73534713816
70,-1,730912.2488990396,222010.8985680503
70,-1,730918.4844966352,221998.38850388944
70,-1,730909.2339026147,222001.96846689933
70,-1,730915.2291455985,221997.39988602983
70,-1,730918.0347967566,221996.0901013205
70,-1,730916.6160744473,222000.03258327465
70,-1,730912.5660829267,221998.93839906665
70,-1,730906.7542784231,222001.87247728743
70,-1,730915.5763557822,221996.9547749492
70,-1,730914.4085112042,222002.19331174865
70,-1,730919.5913675263,222000.8690035116
70,-1,730903.8053863171,221999.22733475696
70,-1,730915.7793206727,221997.5507297254
70,-1,730902.970945683,221998.36987443056
70,-1,730901.6679496145,221997.75617799367
70,-1,730919.2024801554,221996.93041458845
70,-1,730903.4325737965,221998.4420395724
70,-1,730911.4151491048,221998.56007310067
70,-1,730916.7342396743,222012.95986353804
70,-1,730919.9182691205,222001.1436575944
70,-1,730919.3577233937,222000.7606315081
70,-1,730904.5860693041,222001.19052144256
70,-1,730916.5275303907,222012.96737943435
70,-1,730917.0111466496,221997.23685043227
70,-1,730916.8735072867,221999.00167827428
70,-1,730904.3870913018,221998.47306691404
70,-1,730912.8584640812,221999.2442866268
70,-1,730905.4834293931,222002.89668112312
70,-1,730902.6390901249,221998.0587895873
70,-1,730918.9432893485,222000.98780416197
70,-1,730903.799630329,221999.2364326102
70,-1,730918.4807164243,221998.39226142448
70,-1,730920.1896640548,221995.87768079215
70,-1,730916.6837900748,222008.68067638075
70,-1,730917.64998969,222005.0355885468
70,-1,730901.6712533057,221997.7531226212
70,-1,730907.2339169905,222003.22721325516
80,-1,730911.3986168538,222011.9991110684
80,-1,730915.1076028668,221999.57848954332
80,-1,730901.5522063118,222000.0815518547
80,-1,730909.5142263004,222012.7779015161
80,-1,730908.4673789613,222013.2730013728
80,-1,730910.8900328107,222007.2063581822
80,-1,730911.6574146348,222000.8636218836
80,-1,730913.9638930712,222005.98840871785
80,-1,730901.8231831723,221997.91603929832
80,-1,730913.5222744218,222012.01066953703
80,-1,730915.4734043307,221998.33790739533
80,-1,730916.6965653481,221999.2417925505
80,-1,730913.8960820914,221999.36645133683
80,-1,730909.1621028106,222005.39596449604
80,-1,730914.0335239733,222000.57609341005
80,-1,730913.2131330421,221999.2563470089
80,-1,730913.8503773583,222000.11912162832
80,-1,730904.9570984462,221998.5602233649
80,-1,730917.552407977,221996.41533372112
80,-1,730919.9544342665,221996.9885930228
80,-1,730916.43947326,221997.42706113384
80,-1,730912.2341542814,222010.885994188
80,-1,730918.2517411667,221998.6522192532
80,-1,730909.5774100312,222002.01914838824
80,-1,730919.9884426111,221998.06911547616
80,-1,730915.3004429878,221997.3390420321
80,-1,730918.2502368267,221995.94949913863
80,-1,730916.1888612567,222000.3575352853
80,-1,730912.567039354,221998.9401729074
80,-1,730907.4834689858,222001.79952777672
80,-1,730915.5772337979,221996.9282992193
80,-1,730913.8266864239,222002.6798935344
80,-1,730919.5331154943,222000.92777179755
80,-1,730904.0116960406,221999.40813597484
80,-1,730903.1859619919,221998.47661490535
80,-1,730901.8206599662,221997.92095257697
80,-1,730919.0241452018,221997.13476856143
80,-1,730903.6600604448,221998.55587034975
80,-1,730911.4053152325,221998.53669849387
80,-1,730916.7389947051,222012.96426467903
80,-1,730919.8992315723,222001.1177844705
80,-1,730919.3341418481,222000.71925731289
80,-1,730916.5398768205,222012.96641278613
80,-1,730916.193759558,221998.06514912032
80,-1,730917.2791631112,221997.0247765444
80,-1,730904.3820332733,221998.4646531503
80,-1,730914.4031322692,221999.60371493036
80,-1,730905.008973006,222002.89349655437
80,-1,730902.7705209393,221998.23386589315
80,-1,730918.9403939297,222000.96410124583
80,-1,730904.01079697,221999.40686136243
80,-1,730918.2526182143,221998.6530299571
80,-1,730919.9653596082,221996.06938130417
80,-1,730916.4313997752,222008.49423307693
80,-1,730917.334843051,222004.7346907916
80,-1,730901.824150248,221997.9130936032
80,-1,730906.9007240799,222003.06864329337
80,-1,730912.2199254906,222001.53149750608
80,-1,730913.8255930184,222002.6895118905
90,-1,730911.3969164849,222011.9838008481
90,-1,730914.8505988708,221999.6789765479
90,-1,730901.5556455293,222000.0840531602
90,-1,730909.5132897181,222012.7790565368
90,-1,730908.4733237178,222013.27939942715
90,-1,730910.2387368556,222007.8442121489
90,-1,730911.1838355374,222000.90174066383
90,-1,730913.8203820391,222005.9354483765
90,-1,730901.9630404443,221998.02182758332
90,-1,730913.524777783,222012.00335523236
90,-1,730903.6534109524,222003.14522785577
90,-1,730915.9119039432,221998.00906710423
90,-1,730916.4912723124,221999.4520730271
90,-1,730914.4423874108,221999.2249319752
90,-1,730908.6290272609,222005.951653366
90,-1,730913.7976862536,222000.69506466968
90,-1,730913.5268692414,221999.0393010277
90,-1,730913.4988235623,222000.2313439072
90,-1,730904.9622244798,221998.57222116276
90,-1,730917.831297506,221996.27155074003
90,-1,730919.7861650317,221997.23687526977
90,-1,730916.7927695347,221997.14758160725
90,-1,730912.2206273222,222010.88500192773
90,-1,730918.0131909885,221998.92166458935
90,-1,730909.8631692824,222002.1104534742
90,-1,730919.8486561272,221998.2975453923
90,-1,730915.3436206427,221997.32039987048
90,-1,730918.4556750689,221995.77439534885
90,-1,730915.7646567462,222000.740637175
90,-1,730906.5666105599,222002.93756166683
90,-1,730912.5660611457,221998.9425331401
90,-1,730908.0463210768,222001.93146038416
90,-1,730915.5747226925,221996.9291347607
90,-1,730913.2193314261,222003.21115574145
90,-1,730919.5142560662,222001.04855428328
90,-1,730904.2318729907,221999.5549475288
90,-1,730916.499585872,221996.99439063997
90,-1,730903.4299985581,221998.60693829143
90,-1,730901.9623977843,221998.02722831705
90,-1,730918.8420416539,221997.34550649195
90,-1,730903.8848339086,221998.7585619151
90,-1,730911.4038210569,221998.574396431
90,-1,730916.7077249562,222012.96045839848
90,-1,730919.855157509,222001.117610763
90,-1,730904.4508691696,222001.30088622848
90,-1,730916.5736392819,222012.96087727937
90,-1,730917.5455803646,221996.8465357566
90,-1,730916.498412603,221999.4528145372
90,-1,730904.3940379837,221998.47485149532
90,-1,730905.5567325691,222001.5649528284
90,-1,730904.5315611814,222002.84583584103
90,-1,730902.9036768076,221998.4096534497
90,-1,730918.9491363327,222000.95745388712
90,-1,730904.2334891398,221999.55856688268
90,-1,730918.0075724625,221998.918494479
90,-1,730919.7251385864,221996.2818442524
90,-1,730916.1206267577,222008.316718876
90,-1,730917.0812126873,222004.50783828835
90,-1,730916.4245508658,222008.78793012924
90,-1,730901.9585231893,221998.01893414505
90,-1,730912.0392130215,222001.5086521805
90,-1,730905.210510758,222002.83500979436
90,-1,730916.7784744329,222013.09890142284
100,-1,730911.3977248014,222011.9826045177
100,-1,730914.5539801047,221999.7797826703
100,-1,730901.5570610513,222000.0768189964
100,-1,730909.519704944,222012.7733665316
100,-1,730908.4766445919,222013.2787607784
100,-1,730909.5233041305,222008.54494079752
100,-1,730910.6771537003,222000.9321372056
100,-1,730913.6689562813,222005.8375413725
100,-1,730913.5221156627,222012.00600236125
100,-1,730903.1668745895,222002.9444149547
100,-1,730916.2695051084,221999.65335520692
100,-1,730915.0332590438,221998.7134128347
100,-1,730908.0832756625,222006.263390387
100,-1,730913.528075908,222000.82939282965
100,-1,730913.8384229862,221998.83848833316
100,-1,730913.1360506233,222000.319774041
100,-1,730904.9495581115,221998.55812575895
100,-1,730918.0862318246,221996.0904857077
100,-1,730919.602473892,221997.45382272723
100,-1,730916.956244049,221996.90089660187
100,-1,730912.2181089565,222010.8825225164
100,-1,730917.7489518335,221999.20451339096
100,-1,730910.148048098,222002.18072156896
100,-1,730919.7178133994,221998.5502059566
100,-1,730915.3855146716,221997.29643019667
100,-1,730918.6590368573,221995.64149435045
100,-1,730915.2567387172,222001.12198257408
100,-1,730906.3130818409,222002.8087413361
100,-1,730912.565071321,221998.93952589345
100,-1,730908.5480034521,222002.05168436203
100,-1,730912.5716230411,222003.75233043
100,-1,730919.4885438564,222001.0661198095
100,-1,730904.4673065522,221999.70514255797
100,-1,730903.6455942412,221998.75646317317
100,-1,730902.1243637233,221998.1755669893
100,-1,730918.6508094536,221997.5299281997
100,-1,730916.7386471773,222012.954847708
100,-1,730919.8631729111,222001.10675476672
100,-1,730917.8093296895,221996.6309218296
100,-1,730904.4001371433,221998.4737403663
100,-1,730905.1896503834,222001.31541259625
100,-1,730904.0411659541,222002.71583962825
100,-1,730903.0411356303,221998.59721211687
100,-1,730918.9529601055,222000.96907225487
100,-1,730904.4674597451,221999.70547055732
100,-1,730917.752835625,221999.2042630539
100,-1,730919.49503943,221996.4630136951
100,-1,730915.8451737841,222008.1368211024
100,-1,730916.874264297,222004.29586968877
100,-1,730902.1248905811,221998.17147639432
100,-1,730905.0175796408,222002.87761791184
100,-1,730911.8951076104,222001.5009931459
100,-1,730918.168950194,221995.2505224076
110,-1,730911.3993317541,222011.99036248916
110,-1,730914.2561808095,221999.88124603085
110,-1,730901.5527513205,222000.0861878416
110,-1,730909.5185360311,222012.769827112
110,-1,730908.4785075921,222013.27720092217
110,-1,730908.7639730421,222009.3008766249
110,-1,730910.1637231462,222000.9598314699
110,-1,730913.4744327322,222005.75323312572
110,-1,730913.5224898115,222011.9988913005
110,-1,730902.6650712088,222002.79562590292
110,-1,730916.0197169103,221999.8715456749
110,-1,730915.5274182671,221998.40732740087
110,-1,730907.4489132125,222006.853225898
110,-1,730913.2483920992,222000.93334861408
110,-1,730914.1414071238,221998.64519019236
110,-1,730912.7224152142,222000.4318556602
110,-1,730904.9584629039,221998.56207352545
110,-1,730918.3387024718,221995.9185011011
110,-1,730919.4023105202,221997.67561478587
110,-1,730917.1975279828,221996.57584307244
110,-1,730912.2127474461,222010.87714894387
110,-1,730917.4882199009,221999.5206213969
110,-1,730910.3934423456,222002.2496262353
110,-1,730919.5385191145,221998.78666638525
110,-1,730915.4035725595,221997.27548728845
110,-1,730918.8595216197,221995.49336642903
110,-1,730914.7317468168,222001.55470098724
110,-1,730905.6221023847,222002.4546269125
110,-1,730912.5652518612,221998.9391661888
110,-1,730909.0294469369,222002.16111699335
110,-1,730911.8934972697,222004.40394632748
110,-1,730919.5217438845,222001.11888413609
110,-1,730904.6937844991,221999.864946442
110,-1,730903.8364779458,221998.8826327604
110,-1,730902.2923923993,221998.3086082472
110,-1,730919.4655508816,222001.06157057305
110,-1,730918.4585404784,221997.7457816717
110,-1,730916.1969686231,221998.0381352276
110,-1,730904.3879765779,221999.0282413743
110,-1,730916.7474486311,222012.9514396534
110,-1,730919.8585698631,222001.08865882328
110,-1,730918.062292103,221996.43924850455
110,-1,730904.3834698503,221998.44327297836
110,-1,730904.8128618653,222001.05907298543
110,-1,730903.6701276157,222002.5353699211
110,-1,730903.2041287847,221998.77229461924
110,-1,730918.9534286386,222000.95586883195
110,-1,730904.7029194438,221999.8440633296
110,-1,730917.4827640064,221999.51170964405
110,-1,730919.2391138346,221996.67998031
110,-1,730916.6782073666,221997.41163483317
110,-1,730915.571481682,222008.036247967
110,-1,730916.7079747115,222004.1307810481
110,-1,730902.2964068766,221998.30707410624
110,-1,730911.7174706163,222001.53050090832
110,-1,730917.3055723124,221996.66750899912
110,-1,730917.2509911023,221996.6259572236
110,-1,730920.3769960069,221995.7527037788
120,-1,730911.3981986588,222012.0026314855
120,-1,730913.8994746007,222000.0009875108
120,-1,730901.552077441,222000.08751202573
120,-1,730909.5217223471,222012.76628521385
120,-1,730908.4775894026,222013.28083783272
120,-1,730907.930681476,222010.15451332068
120,-1,730909.6328794215,222001.0005205429
120,-1,730913.3178589179,222005.69496035023
120,-1,730913.5205851855,222012.0003107036
120,-1,730902.2074547895,222002.62290838387
120,-1,730918.3048083564,221996.27665006745
120,-1,730915.7453336251,222000.13568993716
120,-1,730916.0731190433,221998.01790997304
120,-1,730906.7738890533,222007.36084880595
120,-1,730912.9343514501,222001.0506079976
120,-1,730914.438252896,221998.4401761928
120,-1,730912.2660406741,222000.52419431615
120,-1,730918.5823319756,221995.71386703508
120,-1,730919.2071722634,221997.89995637911
120,-1,730918.2535475363,221997.9485632923
120,-1,730912.2239786896,222010.89562266495
120,-1,730917.1742223297,221999.83374105528
120,-1,730910.6008660455,222002.3205412408
120,-1,730919.3148526087,221999.038914988
120,-1,730915.4149780507,221997.23893755584
120,-1,730919.0419717273,221995.3559320016
120,-1,730914.2037491405,222002.00382577503
120,-1,730905.2833589534,222002.4251307168
120,-1,730912.5642112142,221998.9415926203
120,-1,730909.4183972306,222002.266922422
120,-1,730911.1309411435,222005.10605843968
120,-1,730919.4654850547,222001.2313315532
120,-1,730904.0433568791,221999.0385673665
120,-1,730902.4536528764,221998.47510296848
120,-1,730919.3448958461,222000.5075892417
120,-1,730918.2546540103,221997.9619894781
120,-1,730904.6494372053,221999.16972624225
120,-1,730916.7314681651,222012.95412230876
120,-1,730919.8497161351,222000.98480713944
120,-1,730919.3305358853,222000.75639230132
120,-1,730918.2943873656,221996.27359768987
120,-1,730904.383221789,221998.48695659524
120,-1,730904.3902916545,222000.8339751139
120,-1,730903.2278802219,222002.5339432888
120,-1,730903.4119989949,221998.9626015209
120,-1,730918.929576041,222000.9529916077
120,-1,730904.9100130408,222000.06075631897
120,-1,730917.1761003346,221999.846407658
120,-1,730918.9860962427,221996.8606955003
120,-1,730903.749831497,222002.0976930984
120,-1,730916.9672381217,221997.0227464283
120,-1,730915.325345913,222007.77964046245
120,-1,730916.5809296194,222003.96045391785
120,-1,730902.4573333787,221998.4663631675
120,-1,730904.6241782821,222002.9224080105
120,-1,730911.5458863158,222001.52569348592
120,-1,730917.5641154981,221996.42751725792
120,-1,730920.2474407773,221995.87218282567
120,-1,730920.2510815897,221995.86846217248
120,-1,730918.0634392347,221995.27952662675
130,-1,730911.3984847158,222011.9936342215
130,-1,730913.5046487654,222000.06573021968
130,-1,730901.5514182033,222000.0891445871
130,-1,730909.5202397881,222012.77144480188
130,-1,730908.4719258627,222013.28469368495
130,-1,730907.01908824,222011.08029378043
130,-1,730909.1352260442,222001.0591952623
130,-1,730913.1724340632,222005.6627474187
130,-1,730913.5231035512,222011.9998191176
130,-1,730901.7226576383,222002.5251009364
130,-1,730918.541661554,221996.0883460433
130,-1,730915.4405740952,222000.3795709398
130,-1,730916.3517104146,221997.7736546007
130,-1,730906.0748915329,222007.95652592892
130,-1,730912.6339500531,222001.1477530432
130,-1,730914.7290048328,221998.2699394276
130,-1,730911.8496003583,222000.6227356314
130,-1,730918.8205355942,221995.5490272728
130,-1,730918.9902772235,221998.14728261516
130,-1,730912.2289495942,222010.89764519045
130,-1,730916.837859076,222000.189831944
130,-1,730910.8509398163,222002.3863995195
130,-1,730919.0588882916,221999.29565344448
130,-1,730915.4258104602,221997.21466249973
130,-1,730919.217211845,221995.26938237165
130,-1,730913.6150493136,222002.50717271052
130,-1,730904.7771974398,222002.3898581785
130,-1,730912.5668844669,221998.9395469614
130,-1,730909.735919449,222002.36454170351
130,-1,730914.6839985433,221997.0527592541
130,-1,730910.3301637465,222005.9107670389
130,-1,730919.5013442988,222001.2592191471
130,-1,730905.1588426335,222000.22546015924
130,-1,730920.1052080469,221996.04384327983
130,-1,730904.2672525693,221999.1752708372
130,-1,730902.6214206646,221998.62017724075
130,-1,730918.0263902647,221998.16876823024
130,-1,730905.6339304271,222002.6294384229
130,-1,730904.9376451232,221999.28099075457
130,-1,730916.7268573727,222012.95855319276
130,-1,730919.8118220629,222001.02325722383
130,-1,730916.5950330485,222012.95819875505
130,-1,730918.5391427042,221996.0931531817
130,-1,730904.3779469187,221998.4863424225
130,-1,730903.9586218325,222000.48852024708
130,-1,730902.7948304537,222002.45376126663
130,-1,730903.6500394981,221999.18552061284
130,-1,730918.9429166517,222000.96420906432
130,-1,730905.1513129473,222000.2306596112
130,-1,730916.8332202104,222000.1836763778
130,-1,730918.7280332068,221997.06734030563
130,-1,730903.8343506698,222002.11304669388
130,-1,730917.3067852713,221996.87082568425
130,-1,730915.0572200624,222007.65277738776
130,-1,730916.4312778017,222003.82685074405
130,-1,730915.2102755219,222007.8093529147
130,-1,730902.6225494036,221998.60655400748
130,-1,730917.8518655313,221996.21773564824
130,-1,730917.9855030014,221995.2734669686
140,-1,730911.400037942,222011.9957682833
140,-1,730913.0902815153,222000.214246214
140,-1,730901.5519139627,222000.0907267506
140,-1,730909.5223990097,222012.7701625472
140,-1,730908.4700531821,222013.28225227864
140,-1,730906.0203635652,222012.118556564
140,-1,730908.7097843738,222001.0849070716
140,-1,730913.0213926188,222005.6134607536
140,-1,730913.5234031609,222011.9984798554
140,-1,730901.2383516481,222002.3935318548
140,-1,730915.1214304036,222000.67772138995
140,-1,730916.8230344543,221997.4416071237
140,-1,730905.1812274349,222008.65733430535
140,-1,730912.310724121,222001.21739033805
140,-1,730915.0122428142,221998.08127902937
140,-1,730911.4560658934,222000.6760797404
140,-1,730919.0540819544,221995.3531793392
140,-1,730918.7685090515,221998.3973948841
140,-1,730917.8058389238,221998.41197288904
140,-1,730912.2385409715,222010.90607403225
140,-1,730916.4657072453,222000.5370484652
140,-1,730911.0475059377,222002.4452754174
140,-1,730918.7941641466,221999.53977032588
140,-1,730915.4277465477,221997.238748099
140,-1,730919.4006125715,221995.20504282016
140,-1,730912.9948246584,222002.99610254265
140,-1,730904.3591053995,222002.38220265525
140,-1,730912.5674193111,221998.93226983547
140,-1,730910.00976305,222002.450043389
140,-1,730909.4202108606,222006.819676596
140,-1,730919.5517087104,222001.404103188
140,-1,730905.4300604158,222000.4028624108
140,-1,730919.9423346878,221996.2097993994
140,-1,730904.4957179099,221999.3171310042
140,-1,730902.7957694561,221998.78152032616
140,-1,730917.8041806648,221998.41561837136
140,-1,730916.1970518748,221998.04279124973
140,-1,730905.4884540242,222002.56101708065
140,-1,730905.2656006751,221999.50040027325
140,-1,730916.7062244884,222012.96517762452
140,-1,730919.8052393656,222000.94998508395
140,-1,730919.343299542,222000.7661184759
140,-1,730916.5890718353,222012.9530234693
140,-1,730918.7772243493,221995.94447367825
140,-1,730904.3808021637,221998.4421637082
140,-1,730903.5979919004,222000.3185634587
140,-1,730902.3583071025,222002.3178631296
140,-1,730903.8865294373,221999.3902385248
140,-1,730918.9533763643,222000.97389682083
140,-1,730905.3523521568,222000.42866448185
140,-1,730916.467737233,222000.53300671905
140,-1,730918.4793534188,221997.29335861007
140,-1,730903.8809716562,222001.7381266137
140,-1,730917.6085942037,221996.63170924503
140,-1,730914.8470877762,222007.5509240632
140,-1,730916.3169140825,222003.68983373232
140,-1,730902.7941724259,221998.7765672869
140,-1,730911.218043783,222001.5621559517
140,-1,730918.1381576908,221995.9811615403
140,-1,730916.7796670628,222013.0047978077
140,-1,730917.9368220179,221995.2634309822
140,-1,730919.9713905207,221997.2907803652
140,-1,730919.9457857638,221996.21284276628
140,-1,730913.6758187433,221999.6822747185
150,-1,730911.4017562196,222011.9889199526
150,-1,730912.6325996321,222000.30231633323
150,-1,730901.5508624251,222000.08920655173
150,-1,730909.5216197345,222012.76754681367
150,-1,730908.4785221127,222013.27941677725
150,-1,730904.9086064732,222012.97958811844
150,-1,730908.340951965,222001.09097010392
150,-1,730912.9262305311,222005.58763183112
150,-1,730913.5208717264,222011.99899705348
150,-1,730900.7100175767,222002.30947663027
150,-1,730918.9954078554,221995.75728994876
150,-1,730914.7679976346,222000.980781091
150,-1,730917.1971901355,221997.1501464265
150,-1,730904.2591268101,222009.7102955118
150,-1,730911.9760665604,222001.30673630905
150,-1,730915.3007517938,221997.86596155143
150,-1,730911.0375036257,222000.78196097235
150,-1,730904.9189659933,221998.5574367123
150,-1,730918.5145137354,221998.64261349651
150,-1,730917.544925967,221998.6709102636
150,-1,730912.2528147765,222010.91399724263
150,-1,730916.0678199718,222000.9313120433
150,-1,730911.1998392366,222002.4512715279
150,-1,730918.5185882315,221999.79487622093
150,-1,730915.4422304181,221997.19313464535
150,-1,730912.3149433397,222003.5290437845
150,-1,730903.6829662957,222002.0250620858
150,-1,730912.5663070289,221998.9313450134
150,-1,730910.2208740285,222002.54301408416
150,-1,730914.6774274624,221997.0657707932
150,-1,730908.4150087631,222007.83766827112
150,-1,730919.6540803039,222001.40552321076
150,-1,730920.1951702876,221995.91819917847
150,-1,730904.698694901,221999.46853062572
150,-1,730902.9762500786,221998.954506875
150,-1,730917.5541794972,221998.66740533768
150,-1,730905.2864784744,222002.4929241509
150,-1,730905.583089012,221999.6523234959
150,-1,730911.2573197376,221999.24897156577
150,-1,730916.7087956127,222012.96445635628
150,-1,730919.7637780522,222001.0485823739
150,-1,730919.360897609,222000.662910398
150,-1,730916.5571263918,222012.9571048728
150,-1,730918.9998763453,221995.7504071115
150,-1,730904.3856068068,221998.47109137845
150,-1,730903.267611157,222000.0658572472
150,-1,730901.9049443884,222002.20968362957
150,-1,730904.1489939261,221999.60214970383
150,-1,730918.9606938069,222000.9493109088
150,-1,730905.4794320986,222000.62807161207
150,-1,730916.0687851114,222000.922578129
150,-1,730918.2185198417,221997.4925165392
150,-1,730917.8943268338,221996.38370181125
150,-1,730914.6040613636,222007.3941419875
150,-1,730916.260157678,222003.59350600012
150,-1,730902.9742689772,221998.9527904548
150,-1,730918.4174499258,221995.8275497041
150,-1,730917.8748885156,221995.26623370525
150,-1,730919.7763848858,221997.49472062103
150,-1,730919.7574567266,221996.41162875277
150,-1,730913.5371111442,221999.66514191197
150,-1,730913.5810337086,221999.68286276283
150,-1,730906.1744599136,222006.03407334397
150,-1,730919.7628738993,221996.4072311231
160,-1,730911.4023699594,222011.9824186238
160,-1,730912.162969185,222000.3781932596
160,-1,730901.5530157174,222000.08027331787
160,-1,730909.5222678398,222012.79352734293
160,-1,730908.4741344545,222013.27563032537
160,-1,730903.6865833913,222013.53015210052
160,-1,730908.0383385882,222001.08176794357
160,-1,730912.9167388623,222005.59487632237
160,-1,730913.5199138472,222011.99569309957
160,-1,730900.1514750954,222002.18793982847
160,-1,730919.2129185711,221995.56239039663
160,-1,730914.4266925176,222001.33002261625
160,-1,730917.549772962,221996.90800063996
160,-1,730903.2287834067,222010.5796138025
160,-1,730911.6957346463,222001.3305067665
160,-1,730915.5878290366,221997.6821875805
160,-1,730910.6571418161,222000.8435108505
160,-1,730904.9039542971,221998.54800641883
160,-1,730918.2498922031,221998.91765454848
160,-1,730917.3078152698,221998.90976221708
160,-1,730912.2636955881,222010.87253960173
160,-1,730915.6332941789,222001.3366412647
160,-1,730911.2898435871,222002.49001759672
160,-1,730918.2674825259,222000.03298108757
160,-1,730915.4722891443,221997.1914856117
160,-1,730911.602262279,222004.14760196605
160,-1,730903.1618789998,222002.301119874
160,-1,730912.567681651,221998.9346967834
160,-1,730910.4203103995,222002.5902228688
160,-1,730907.2829121042,222008.9350845541
160,-1,730919.9774533786,221996.07492977183
160,-1,730904.9162726536,221999.62118461792
160,-1,730903.1637678952,221999.0888460853
160,-1,730917.3056642766,221998.90994181123
160,-1,730905.1145292213,222002.3911534458
160,-1,730906.165106917,222000.0043699533
160,-1,730916.7121973183,222012.96417958091
160,-1,730919.7315131545,222001.2668087813
160,-1,730916.5612192808,222012.95649844565
160,-1,730919.2099098911,221995.5831829697
160,-1,730904.3800429754,221998.48974965085
160,-1,730902.9964180599,221999.802075478
160,-1,730901.455623378,222002.10101130416
160,-1,730904.412190256,221999.83447389028
160,-1,730919.0271964757,222000.93203103956
160,-1,730905.6966865247,222000.78469134044
160,-1,730915.6328905046,222001.3228789208
160,-1,730917.9658236402,221997.69075625585
160,-1,730918.1624894701,221996.1686790268
160,-1,730914.3997692852,222007.1976046457
160,-1,730916.2113150313,222003.52403373775
160,-1,730916.1752011916,222003.52208928776
160,-1,730903.1682722027,221999.08600087612
160,-1,730918.6964527159,221995.58949364108
160,-1,730917.8328967142,221995.2636441437
160,-1,730919.5534085952,221997.7130104389
160,-1,730919.5793560395,221996.59097798448
160,-1,730913.4259550378,221999.709760162
170,-1,730911.4045393454,222011.9895883444
170,-1,730911.7070578539,222000.4438530449
170,-1,730901.5517797676,222000.0821613801
170,-1,730909.5197780313,222012.77238088087
170,-1,730908.4569153765,222013.2787607784
170,-1,730907.76012911,222001.02508745244
170,-1,730912.9119770551,222005.59152320976
170,-1,730913.5201592463,222011.99560800145
170,-1,730899.7994698884,222002.15398300576
170,-1,730919.4238649821,221995.4327144958
170,-1,730914.0542449495,222001.66927379105
170,-1,730917.8725274568,221996.65543818628
170,-1,730902.1061710353,222011.6341658475
170,-1,730911.4048055573,222001.39734119468
170,-1,730915.8797716673,221997.51804080224
170,-1,730910.301669379,222000.8958032132
170,-1,730904.9284307989,221998.5565039381
170,-1,730917.9463040063,221999.20048692945
170,-1,730912.2526061632,222010.87661522187
170,-1,730915.1950772351,222001.7636070884
170,-1,730911.2791830054,222002.51914241776
170,-1,730918.0183680863,222000.30684078383
170,-1,730915.4288694784,221997.2228332589
170,-1,730910.8150166813,222004.80245530885
170,-1,730902.6008584475,222002.24969253747
170,-1,730912.5638641705,221998.9401555573
170,-1,730910.5516855513,222002.6080841728
170,-1,730905.9543192651,222010.22589657217
170,-1,730919.821695141,222000.99590190608
170,-1,730919.7671768537,221996.22875091943
170,-1,730905.1356519357,221999.8171762578
170,-1,730903.3487182177,221999.28059975777
170,-1,730920.1357633794,221996.4029908836
170,-1,730917.0418636454,221999.15511105853
170,-1,730904.9701878496,222002.25428989975
170,-1,730906.4616247644,222000.12640660309
170,-1,730916.705726914,222012.9687120869
170,-1,730919.8053264895,222001.17300507496
170,-1,730919.8255402108,222000.77521095888
170,-1,730916.543917435,222012.96813044563
170,-1,730904.3732313357,221998.49370733165
170,-1,730902.7704640668,221999.5175479513
170,-1,730901.0013348511,222001.9471231832
170,-1,730904.6576280654,222000.0581424444
170,-1,730919.0378856147,222000.9402262747
170,-1,730905.8597885839,222000.99956112396
170,-1,730917.6902603096,221997.9330563343
170,-1,730918.4218080587,221995.97312516696
170,-1,730914.2213070338,222007.13918439444
170,-1,730916.1500882008,222003.46923263383
170,-1,730903.3411614263,221999.28513907988
170,-1,730918.9590326438,221995.4579334604
170,-1,730919.3308621161,221997.9253510328
170,-1,730919.4065563601,221996.76839448785
170,-1,730913.3053043586,221999.7274952648
170,-1,730919.787654851,222001.56177548884
180,-1,730911.3993046489,222011.9808356341
180,-1,730911.3079242241,222000.51025909095
180,-1,730901.5514455505,222000.08673829405
180,-1,730909.5179726296,222012.82732450345
180,-1,730908.4715894675,222013.2800587308
180,-1,730907.5016502993,222001.0409415156
180,-1,730912.9052975533,222005.5647606869
180,-1,730913.5182657527,222012.00240510804
180,-1,730919.5730598831,221995.35108872363
180,-1,730913.6625454116,222002.03351116937
180,-1,730918.1730508272,221996.39451159225
180,-1,730900.8174791441,222012.23540285
180,-1,730911.0729098255,222001.51076703324
180,-1,730916.1352935884,221997.39805869292
180,-1,730909.9721748796,222000.95027962248
180,-1,730904.9327451278,221998.5531308936
180,-1,730917.6211381145,221999.50256159948
180,-1,730916.7500333078,221999.4432905738
180,-1,730912.2192425356,222010.91024383865
180,-1,730914.6911378659,222002.2189211097
180,-1,730911.3265416413,222002.5463180381
180,-1,730917.7209956984,222000.54675357172
180,-1,730915.4276216701,221997.21241623032
180,-1,730919.2304159616,221996.94285119916
180,-1,730909.9812275406,222005.51423018516
180,-1,730902.0347926933,222002.18703080737
180,-1,730912.546944702,221998.94117446235
180,-1,730910.7809449298,222002.6469795764
180,-1,730904.3733593595,222011.6693914992
180,-1,730919.8609996529,222001.10764375256
180,-1,730906.022949936,222001.18446977047
180,-1,730919.5465713022,221996.41916427115
180,-1,730905.3738073942,222000.0203440213
180,-1,730903.5360484757,221999.47331532775
180,-1,730919.9115625134,221996.59535464944
180,-1,730916.7491746531,221999.43903401695
180,-1,730904.8618601251,222002.09147722
180,-1,730906.8749581438,222000.24056465697
180,-1,730916.7181469152,222012.95482126973
180,-1,730919.8718533593,222000.7593608201
180,-1,730916.6088373523,222012.95856971663
180,-1,730920.3512499157,221995.86393068632
180,-1,730904.3878294353,221998.47250747675
180,-1,730902.5602603873,221999.28829906933
180,-1,730900.551090206,222001.8003731808
180,-1,730904.901871551,222000.33264450732
180,-1,730919.0524643533,222000.9436708884
180,-1,730906.0186421414,222001.1995185
180,-1,730914.0759775315,222006.92899624517
180,-1,730917.403852953,221998.15068354373
180,-1,730918.6853269892,221995.7692464497
180,-1,730914.0378704898,222007.0519324148
180,-1,730916.1009870863,222003.3865168781
180,-1,730903.5345194506,221999.47535107235
180,-1,730919.1015877328,221998.1473979726
180,-1,730919.2205051298,221996.95137686064
180,-1,730913.1488079877,221999.72138348693
180,-1,730902.0174880645,221997.55728031605
180,-1,730914.6805494035,221997.0737888612
180,-1,730901.6726737889,221997.1748626191
190,-1,730911.401453706,222011.98124873164
190,-1,730910.9401523073,222000.54139259868
190,-1,730901.5508134179,222000.0835719016
190,-1,730909.5082704113,222012.75852393763
190,-1,730908.465735223,222013.27838155488
190,-1,730907.2971951055,222000.9464210851
190,-1,730912.9008290634,222005.53994963676
190,-1,730913.5194370856,222012.0020680205
190,-1,730919.7638419431,221995.25604552467
190,-1,730913.2063436672,222002.41006608304
190,-1,730918.4545453619,221996.16249410488
190,-1,730899.4164464728,222012.7307150388
190,-1,730910.7904854849,222001.60802072348
190,-1,730916.4242478681,221997.1694835214
190,-1,730909.6265701964,222001.0121166034
190,-1,730904.9295977757,221998.54263098736
190,-1,730920.2380188076,221996.01774987168
190,-1,730917.282167919,221999.79803476456
190,-1,730916.4303852654,221999.73183712625
190,-1,730912.2227008719,222010.92763854895
190,-1,730914.1859932822,222002.7067328934
190,-1,730911.3401504001,222002.5537614358
190,-1,730917.4028607082,222000.7362265328
190,-1,730915.4283273739,221997.1909416139
190,-1,730919.0458584229,221997.15771994987
190,-1,730909.064441234,222006.3443579141
190,-1,730901.4368861654,222002.1294202272
190,-1,730912.5479979336,221998.9376393803
190,-1,730910.9249017462,222002.69700506644
190,-1,730916.1873143228,221998.04179010796
190,-1,730902.5670736,222012.94162197772
190,-1,730919.8959353834,222001.35698962235
190,-1,730906.1791992137,222001.3734017803
190,-1,730919.299785976,221996.54219106407
190,-1,730905.614271879,222000.16590554212
190,-1,730919.7498992091,221996.72772209367
190,-1,730916.4297269956,221999.73497294952
190,-1,730914.6782309387,221997.06957722869
190,-1,730904.809316889,222001.9643786797
190,-1,730907.332373331,222000.31144062476
190,-1,730916.7124586902,222012.95860111204
190,-1,730919.8754564181,222000.89182425788
190,-1,730904.9311471296,221998.56114663783
190,-1,730920.2409122903,221996.03395607468
190,-1,730904.3910827882,221998.47371041676
190,-1,730902.3714170768,221999.02219713797
190,-1,730900.1319737937,222001.7491263679
190,-1,730905.1318765652,222000.5577138752
190,-1,730919.0639075984,222000.94554015464
190,-1,730917.1314096274,221998.3570763596
190,-1,730903.2311710865,222003.1063128301
190,-1,730918.9259807265,221995.5331006852
190,-1,730913.9146670791,222006.8593223912
190,-1,730916.0859359424,222003.36769450264
190,-1,730903.7444610323,221999.6859025409
190,-1,730903.2703284558,222001.85132875992
190,-1,730918.8646067535,221998.36191114967
190,-1,730911.0994400323,222002.59117733056
190,-1,730919.0427510025,221997.15020467323
190,-1,730919.9067784413,222001.626936872
190,-1,730902.3170611789,221997.7721507192
190,-1,730901.8481263922,221997.31350196808
190,-1,730917.9910102022,222007.95501151343
200,-1,730911.3985258576,222011.9839685657
200,-1,730910.5773198336,222000.5977647125
200,-1,730901.5519711982,222000.0815549529
200,-1,730909.5249483528,222012.78224978063
200,-1,730908.4710149335,222013.27803124816
200,-1,730907.0452423616,222000.9136006937
200,-1,730912.8848166519,222005.53578189583
200,-1,730903.9604490151,221999.87867821663
200,-1,730913.5196306944,222012.00096752867
200,-1,730912.7046743607,222002.78773553376
200,-1,730918.7165396234,221995.94851085448
200,-1,730910.4949693207,222001.65180740823
200,-1,730916.6707631103,221997.0210930055
200,-1,730909.311263346,222001.06936737563
200,-1,730904.9391274402,221998.55159964436
200,-1,730919.5571374997,221996.9095488778
200,-1,730916.9159898862,222000.12233594013
200,-1,730916.0909078149,222000.04189986305
200,-1,730912.2258813796,222010.92385292333
200,-1,730913.6601519234,222003.1953241921
200,-1,730911.3389064639,222002.6545206716
200,-1,730917.065402597,222000.94397451504
200,-1,730915.4288278526,221997.202440235
200,-1,730908.0480233817,222007.22482488063
200,-1,730900.8801685675,222002.03037761807
200,-1,730912.5547268057,221998.9371543005
200,-1,730916.1967479091,221998.0625245052
200,-1,730919.0775037727,221996.6711412623
200,-1,730903.9357338905,222001.532539338
200,-1,730919.4835448785,221996.93762737443
200,-1,730916.0869078583,222000.0456113377
200,-1,730914.678723673,221997.0631542852
200,-1,730904.720807682,222001.7997500232
200,-1,730907.8536498795,222000.41254686247
200,-1,730916.7192785583,222012.94588514417
200,-1,730919.8694603551,222000.9054482141
200,-1,730904.9511832149,221998.5750649261
200,-1,730920.132278422,221996.17383244412
200,-1,730904.3902280056,221998.47267633036
200,-1,730902.1782921089,221998.7542136506
200,-1,730905.366391211,222000.76935571464
200,-1,730919.0593239112,222000.93855674105
200,-1,730906.411863202,222001.58240971
200,-1,730916.8257265838,221998.56352545996
200,-1,730903.0128329356,222003.13168527972
200,-1,730919.1583886673,221995.3985939122
200,-1,730913.743692646,222006.7849082432
200,-1,730916.0798963174,222003.3612840553
200,-1,730903.9613410675,221999.8813247259
200,-1,730903.1381019095,222001.9276795091
200,-1,730919.6773278742,221996.8422896821
200,-1,730917.5454825922,221995.3317777507
200,-1,730918.6009881145,221998.6124073928
200,-1,730911.1069433392,222002.63991870705
200,-1,730918.8638274783,221997.3418177376
200,-1,730920.058112719,222001.81042281075
200,-1,730902.635239973,221997.996542194
200,-1,730902.0473314008,221997.4927039822
200,-1,730917.0566834271,222007.407817994
200,-1,730919.5135329375,222003.95674843312
210,-1,730911.3945762392,222011.9904897232
210,-1,730910.2088881949,222000.64896112747
210,-1,730901.5513969063,222000.07583251956
210,-1,730909.4745050457,222012.78226382597
210,-1,730908.4737148075,222013.2758327432
210,-1,730906.8694364224,222000.91260822688
210,-1,730912.8560555885,222005.63027795363
210,-1,730904.1987787215,222000.1086037524
210,-1,730913.5142701522,222011.9862678665
210,-1,730920.1078982404,221996.97261058955
210,-1,730912.1592286641,222003.17860406992
210,-1,730918.9765300344,221995.7430844416
210,-1,730910.1260057421,222001.7174481911
210,-1,730916.913818564,221996.87248241185
210,-1,730909.0139993789,222001.0959198384
210,-1,730904.948994952,221998.5578635453
210,-1,730916.5697477461,222000.40831219975
210,-1,730915.7052217647,222000.39210886264
210,-1,730912.230871645,222010.91693271365
210,-1,730913.0697173622,222003.70475151
210,-1,730911.3205034684,222002.67643425576
210,-1,730916.6823089679,222001.1831662412
210,-1,730915.4394666533,221997.1616860992
210,-1,730918.6685285262,221997.54646841792
210,-1,730906.9188320641,222008.21817074463
210,-1,730900.3424228119,222001.85814920653
210,-1,730912.5670345137,221998.92131077131
210,-1,730911.0430176029,222002.6898832652
210,-1,730916.2002154418,221998.03338656836
210,-1,730919.1707186403,222003.74402262576
210,-1,730906.5546319867,222001.7999894132
210,-1,730918.8264513095,221996.80480469676
210,-1,730906.241996453,222000.46036806412
210,-1,730903.9562677923,222001.53136614108
210,-1,730919.2134974612,221997.1025823264
210,-1,730915.7058006548,222000.37881744996
210,-1,730904.6222971311,222001.61763763372
210,-1,730908.3510055832,222000.4498615484
210,-1,730916.7201604461,222012.9456612453
210,-1,730919.8868386764,222000.9431338616
210,-1,730919.8706258798,221998.4497255616
210,-1,730916.6177830445,222012.94660476004
210,-1,730919.9976670999,221996.36180547392
210,-1,730904.3686660414,221998.4928897084
210,-1,730901.9763014335,221998.5262753205
210,-1,730905.6352351081,222000.9659829051
210,-1,730919.0619715109,222000.96671140252
210,-1,730906.5532854379,222001.79750649052
210,-1,730916.5055867751,221998.78737371147
210,-1,730902.8228180502,222003.2183866004
210,-1,730919.377273037,221995.24453706667
210,-1,730913.6110106352,222006.76748957316
210,-1,730916.0691839454,222003.3513589743
210,-1,730904.1979186146,222000.1058884624
210,-1,730902.9564177665,222001.9871543984
210,-1,730919.5244931288,221996.91392074048
210,-1,730918.3036583205,221998.86528824133
210,-1,730918.6772612487,221997.5406408512
210,-1,730920.1845634324,222001.8741815213
210,-1,730902.9911942539,221998.19484119007
210,-1,730902.2308677745,221997.64071630736
210,-1,730916.2426515751,222006.94088353936
220,-1,730911.4004329038,222011.9888315497
220,-1,730909.841533989,222000.6711083183
220,-1,730901.5514880234,222000.08234830672
220,-1,730909.4964723783,222012.77136631336
220,-1,730908.4731397895,222013.2789441937
220,-1,730912.8037086233,222005.59602308105
220,-1,730904.435897647,222000.3541865103
220,-1,730913.5164405062,222011.98685776975
220,-1,730919.8877941356,221997.18791020103
220,-1,730911.5570643168,222003.6456079249
220,-1,730919.2296695999,221995.522221691
220,-1,730909.822635355,222001.7770637401
220,-1,730917.1334492955,221996.7469588059
220,-1,730908.7235451154,222001.1415861169
220,-1,730904.9689485116,221998.55635925068
220,-1,730912.2307303107,222010.9115227885
220,-1,730912.4322184505,222004.30296629103
220,-1,730911.2880730351,222002.57913553788
220,-1,730916.2875416994,222001.2824397718
220,-1,730915.45108221,221997.16368977705
220,-1,730918.4567931595,221997.756053135
220,-1,730905.6556971326,222009.37374372277
220,-1,730899.8444818046,222001.9038485328
220,-1,730912.5676927834,221998.93700548215
220,-1,730910.8523773614,222002.67270708337
220,-1,730916.199269663,221998.03891577537
220,-1,730918.8538653401,222003.4587420223
220,-1,730906.7572996877,222002.00433801595
220,-1,730918.5659400909,221996.9924148461
220,-1,730903.9738026945,222001.4557199297
220,-1,730918.9791205195,221997.29577523057
220,-1,730915.3084932396,222000.76083082764
220,-1,730914.6785416808,221997.0567601552
220,-1,730904.4760818688,222001.4549464046
220,-1,730908.8791218448,222000.50721063785
220,-1,730916.7280432263,222012.94844056544
220,-1,730919.8719375791,222000.95544230877
220,-1,730919.6098019832,221998.7347305257
220,-1,730916.6024685925,222012.9489156276
220,-1,730919.85664152,221996.5333928098
220,-1,730904.3694368462,221998.4940073437
220,-1,730901.769217517,221998.33083289376
220,-1,730905.9423288333,222001.25657263785
220,-1,730919.0622716044,222000.9571484015
220,-1,730906.7557972838,222002.00705599107
220,-1,730913.5193378611,222006.688148411
220,-1,730916.1668043801,221998.9935754697
220,-1,730902.6068124005,222003.2839596353
220,-1,730913.4671046411,222006.63478199477
220,-1,730916.0546894266,222003.3506856253
220,-1,730904.4318531604,222000.360088228
220,-1,730919.3576043242,221997.1128447015
220,-1,730917.969158551,221999.14170356543
220,-1,730911.042797373,222002.64095599487
220,-1,730918.4565375958,221997.75504249192
220,-1,730920.2772371635,222001.9084975323
220,-1,730903.3232027628,221998.47490581765
220,-1,730902.4280234344,221997.8272775505
220,-1,730915.537774399,222006.4893047458
220,-1,730906.6339559107,222000.6980680952
230,-1,730911.3975941156,222012.0389782839
230,-1,730909.4676943739,222000.70709406948
230,-1,730901.5474476508,222000.0863117709
230,-1,730909.5061261944,222012.7590807931
230,-1,730908.473524587,222013.27890205773
230,-1,730912.7288551251,222005.59641015343
230,-1,730904.6845283068,222000.58798690076
230,-1,730913.5184787223,222011.9815263332
230,-1,730919.673604778,221997.4134839609
230,-1,730910.9160112324,222004.12850074985
230,-1,730919.4728141137,221995.3683494033
230,-1,730909.4951582588,222001.799653978
230,-1,730917.368574535,221996.58264895735
230,-1,730908.4363822008,222001.14828862413
230,-1,730904.9461268805,221998.53524180877
230,-1,730915.9056765178,222000.92091148705
230,-1,730912.2257032596,222010.90690022727
230,-1,730911.7307366878,222004.95482302445
230,-1,730911.4377035558,222002.56981523163
230,-1,730915.8872294762,222001.5962610764
230,-1,730915.478370395,221997.1505954635
230,-1,730918.2292796478,221997.95925167427
230,-1,730904.1900532593,222010.702274023
230,-1,730912.5677992683,221998.93525715015
230,-1,730910.8893566321,222002.66687827735
230,-1,730916.1962706635,221998.03105050183
230,-1,730918.5652818212,222003.1426410391
230,-1,730906.9648051873,222002.23030256608
230,-1,730918.2703217982,221997.1783230338
230,-1,730906.3938084603,222000.77192662703
230,-1,730918.743973983,221997.4823070405
230,-1,730914.8839102238,222001.18785489807
230,-1,730914.6792028546,221997.0510482558
230,-1,730904.2119637192,222001.3392714566
230,-1,730916.7268292995,222012.9394292561
230,-1,730919.8886508542,222000.96210040804
230,-1,730919.329865031,221999.01643380788
230,-1,730904.9501469241,221998.5318241497
230,-1,730916.6053620753,222012.94000511407
230,-1,730919.7165375177,221996.7242291992
230,-1,730904.3702993732,221998.48731815885
230,-1,730901.5732163702,221998.14288746408
230,-1,730906.3022867012,222001.1889921556
230,-1,730919.0431662932,222000.95562179963
230,-1,730906.9641420774,222002.21908077196
230,-1,730915.8015972952,221999.2457535361
230,-1,730902.3713648025,222003.32104629136
230,-1,730913.3041335096,222006.45986039384
230,-1,730916.0586748626,222003.33628545888
230,-1,730904.6821367547,222000.5996721903
230,-1,730919.1907745706,221997.27026635545
230,-1,730917.6044780818,221999.4191280868
230,-1,730911.2666439349,222002.5863961399
230,-1,730918.2237230767,221997.967687642
230,-1,730920.3486758873,222001.95211980425
230,-1,730903.658736645,221998.6959190842
230,-1,730902.6260682426,221997.97029067276
230,-1,730914.9449821672,222006.15492213183
230,-1,730901.8829235715,221997.6577342728
230,-1,730907.0257236958,222000.7102854544
230,-1,730899.0091100335,222008.73123125528
230,-1,730913.2442871097,222006.5551566215
240,-1,730911.3992901281,222012.006276658
240,-1,730909.0576155576,222000.71487434817
240,-1,730901.549068519,222000.0739428049
240,-1,730909.5143990963,222012.76956520815
240,-1,730908.4701030364,222013.2775239644
240,-1,730906.1636838927,222000.7116083992
240,-1,730912.9121638875,222005.25835758107
240,-1,730904.9262072025,222000.843650684
240,-1,730913.5212976657,222011.95772200165
240,-1,730919.4491483484,221997.6093577648
240,-1,730910.2051892998,222004.68232655
240,-1,730919.7172548382,221995.25573229347
240,-1,730909.033544182,222001.97859398503
240,-1,730917.5828965147,221996.415715888
240,-1,730908.1367528188,222001.1863028907
240,-1,730904.956783832,221998.5397578941
240,-1,730919.5709350271,221996.91634551965
240,-1,730915.5489301351,222001.28523231103
240,-1,730912.233746251,222010.90610542765
240,-1,730910.9390651941,222005.67427036096
240,-1,730911.515815005,222002.66630840936
240,-1,730915.4559960001,222002.03521189187
240,-1,730915.5298606415,221997.14487148097
240,-1,730918.0032346585,221998.18260265965
240,-1,730912.569077086,221998.92959492572
240,-1,730911.0043127942,222002.7043408522
240,-1,730918.2923089756,222002.83597809487
240,-1,730907.1911304252,222002.45748967837
240,-1,730917.9744992482,221997.4085498209
240,-1,730918.512756736,221997.60861697764
240,-1,730914.4055310815,222001.6018261196
240,-1,730914.6812764043,221997.0411440362
240,-1,730904.0964954621,222001.26092276128
240,-1,730910.2284499388,222000.442817616
240,-1,730916.6998818659,222012.9418789244
240,-1,730919.9009624346,222000.9683340496
240,-1,730919.0041550986,221999.2954064122
240,-1,730916.5550141204,222012.94425175656
240,-1,730919.5773144353,221996.9142292727
240,-1,730904.3767266996,221998.48121846412
240,-1,730906.6343266715,222001.3998360972
240,-1,730919.0448777946,222000.9389690124
240,-1,730907.1949270928,222002.4550755364
240,-1,730912.8127733849,222005.2868596576
240,-1,730915.3765370339,221999.46738386704
240,-1,730902.1723221831,222003.319765276
240,-1,730913.2702602072,222006.4977641568
240,-1,730916.0369848746,222003.319358788
240,-1,730919.0057417223,221997.4583195003
240,-1,730917.2058899446,221999.7237393821
240,-1,730911.2357623716,222002.6845053551
240,-1,730918.0056228224,221998.18546480584
240,-1,730920.4382431662,222001.94787749925
240,-1,730903.9954512987,221998.92128495275
240,-1,730902.8407348457,221998.1199080883
240,-1,730914.4604709519,222005.86528500196
240,-1,730907.3696536634,222000.78077951344
240,-1,730899.750603948,222008.2613101056
240,-1,730902.4984701554,222012.25762171324
240,-1,730918.9290445849,222001.05146248985
240,-1,730919.1657932338,222000.77174073315
240,-1,730902.0955431252,221997.8930209881
240,-1,730913.1993282543,222006.4819441742
250,-1,730911.3961464062,222011.91023231077
250,-1,730908.7072819807,222000.7340323653
250,-1,730901.5489679636,222000.08089461652
250,-1,730909.5146643402,222012.77265269903
250,-1,730908.4700333372,222013.27617148316
250,-1,730905.9521622217,222000.61116972705
250,-1,730912.8802000514,222005.2616479028
250,-1,730913.514731909,222011.9542321538
250,-1,730919.2056379141,221997.8659556648
250,-1,730909.42887582,222005.3123704949
250,-1,730908.7618128525,222002.0128137443
250,-1,730917.7908013323,221996.276542817
250,-1,730907.8203104532,222001.13076688623
250,-1,730904.9671256853,221998.5649295784
250,-1,730920.17853736,221996.6562126925
250,-1,730915.2055466282,222001.54167189143
250,-1,730913.8653820362,222002.09778687148
250,-1,730912.2563529764,222010.90221735375
250,-1,730910.0517577553,222006.5363999286
250,-1,730911.5503194721,222002.67318379792
250,-1,730915.0290499897,222002.38977927688
250,-1,730915.5708030834,221997.15231410408
250,-1,730917.7196859352,221998.4114384441
250,-1,730900.7892589751,222013.1918648888
250,-1,730912.5668380009,221998.935922547
250,-1,730911.0613102415,222002.72542411037
250,-1,730918.0724033198,222002.553582358
250,-1,730907.4223757455,222002.66976376355
250,-1,730918.2653867112,221997.7980591629
250,-1,730913.8586696209,222002.09452670583
250,-1,730914.6809017714,221997.0397894894
250,-1,730903.9759440073,222001.19532494052
250,-1,730910.8560172057,222000.32685721765
250,-1,730919.9157028366,222000.95784426428
250,-1,730918.6216897299,221999.5520983952
250,-1,730916.628086902,222012.9471583107
250,-1,730919.4244845301,221997.10398649648
250,-1,730904.3854874955,221998.44124497933
250,-1,730906.9686294441,222001.48958442512
250,-1,730919.0313861689,222000.9624781857
250,-1,730914.9479889111,221999.68467212995
250,-1,730901.9902606242,222003.40389299905
250,-1,730916.0322414603,222003.32794584616
250,-1,730905.1611148742,222001.05986695885
250,-1,730918.7945000578,221997.63602506864
250,-1,730916.7747958667,222000.0344773268
250,-1,730911.2971281162,222002.70596886956
250,-1,730917.7189657106,221998.4111701373
250,-1,730920.5165588727,222001.94054956237
250,-1,730904.3511352533,221999.15466635907
250,-1,730903.0474194442,221998.31364586813
250,-1,730914.0826226677,222005.6708932887
250,-1,730900.5764914317,222007.65888007745
250,-1,730900.8246025544,222013.1940319984
250,-1,730918.9343881863,222001.0511074325
250,-1,730902.2963007549,221998.06923826935
250,-1,730913.1277830458,222006.47835229125
250,-1,730916.7804056802,222012.9354048601
250,-1,730920.0228323649,221998.55058270151
250,-1,730919.4199734463,221997.10239498664
260,-1,730911.3899789995,222011.8603929211
260,-1,730908.353149316,222000.72394865484
260,-1,730901.5432360555,222000.07745619933
260,-1,730909.5148661773,222012.77075327665
260,-1,730908.4699321766,222013.27383913452
260,-1,730905.6929208344,222000.5942389252
260,-1,730912.8746860742,222005.26725900645
260,-1,730905.3652343987,222001.32709354823
260,-1,730913.5161757462,222011.93601537932
260,-1,730918.9412119266,221998.1028329089
260,-1,730908.5758869839,222006.03072436235
260,-1,730919.2631009904,221997.27641376288
260,-1,730908.4820738652,222001.99245320028
260,-1,730917.9968397616,221996.1369260535
260,-1,730904.9680521031,221998.55835967543
260,-1,730920.0116117699,221996.8362959985
260,-1,730914.8249699128,222001.89544199823
260,-1,730913.2823568818,222002.5976813445
260,-1,730912.2517329876,222010.8920278904
260,-1,730909.0320427462,222007.53113751812
260,-1,730911.615452359,222002.68418375868
260,-1,730914.6280572318,222002.7321332272
260,-1,730915.6141859635,221997.12416754963
260,-1,730917.4458350738,221998.62849175785
260,-1,730912.5633181938,221998.936789742
260,-1,730911.1203338043,222002.73239058693
260,-1,730917.8756581104,222002.3080295497
260,-1,730907.653119619,222002.91870665672
260,-1,730917.4011550151,221997.88320289936
260,-1,730918.0473716448,221997.96427886453
260,-1,730913.2766323551,222002.60694423015
260,-1,730914.6812541394,221997.0405635309
260,-1,730903.8711750535,222001.0125906328
260,-1,730911.4719345504,222000.21028047777
260,-1,730919.8717400982,222000.9438264196
260,-1,730918.1823692163,221999.8108005107
260,-1,730916.6405156156,222012.95004999332
260,-1,730919.2620758321,221997.2748957328
260,-1,730904.3831128841,221998.4739350385
260,-1,730907.4147499809,222001.5859311598
260,-1,730919.0295759272,222000.96407955824
260,-1,730907.6586374684,222002.91766152
260,-1,730914.4856696144,221999.88539270373
260,-1,730901.7448857375,222003.3979377852
260,-1,730912.924677789,222006.4304321527
260,-1,730916.0235000253,222003.29969038887
260,-1,730905.3743642613,222001.33313158815
260,-1,730902.1255395334,222002.3195419579
260,-1,730918.5672982563,221997.8130868245
260,-1,730916.3258268612,222000.33926294927
260,-1,730911.3622435783,222002.6889975841
260,-1,730917.4521767284,221998.6365441645
260,-1,730920.5804197501,222002.01462435076
260,-1,730904.7112421999,221999.3788849525
260,-1,730903.2710239952,221998.4776128457
260,-1,730913.769919371,222005.494443227
260,-1,730901.3425131544,222007.19399458653
260,-1,730902.5029807552,221998.2995743208
260,-1,730913.0279515991,222006.4337770033
260,-1,730916.7830000374,222012.94020918425
260,-1,730919.8595320986,221998.8108217464
260,-1,730909.1945540569,222001.5344877125
270,-1,730911.3882113516,222011.914092294
270,-1,730901.5285006148,222000.08619734287
270,-1,730909.513797457,222012.7695734701
270,-1,730908.4723590623,222013.27291627467
270,-1,730905.5002075272,222000.3915600626
270,-1,730912.908964503,222005.2536837957
270,-1,730905.6023818817,222001.5975871194
270,-1,730913.513645764,222011.89288799823
270,-1,730918.6909029211,221998.3738992397
270,-1,730907.6267525277,222006.84520395723
270,-1,730919.1037958406,221997.46023038612
270,-1,730909.0254731174,222001.55425071096
270,-1,730918.2010950544,221995.99171633684
270,-1,730904.9554614843,221998.5624163964
270,-1,730919.8570345457,221997.02321999296
270,-1,730914.4090518566,222002.236236712
270,-1,730912.6390714885,222003.14048549623
270,-1,730912.2559100963,222010.8741316796
270,-1,730907.823693282,222008.64880425463
270,-1,730911.6415759872,222002.6968344572
270,-1,730914.196100627,222003.11827613425
270,-1,730915.691903419,221997.1260902088
270,-1,730917.1547336732,221998.8319441455
270,-1,730912.5620418282,221998.93829589555
270,-1,730911.1841448274,222002.7450032804
270,-1,730917.7089754993,222002.06990485435
270,-1,730903.607830855,222000.71029247704
270,-1,730917.757042743,221998.14296977373
270,-1,730912.6304171776,222003.1448540025
270,-1,730914.6811060286,221997.04429416297
270,-1,730904.0401821797,222001.1396371228
270,-1,730912.0811462561,221999.99868965583
270,-1,730916.7104674241,222012.943342942
270,-1,730919.9039294886,222000.9253299781
270,-1,730917.7242589737,222000.0701328065
270,-1,730916.5590189174,222012.9455323589
270,-1,730919.1071985144,221997.4577941435
270,-1,730904.3779616813,221998.48595504032
270,-1,730919.0234230412,222000.97158037647
270,-1,730907.8900231549,222003.1767414132
270,-1,730912.8395528628,222005.2407951531
270,-1,730907.6229248828,222006.85309701157
270,-1,730913.9844417357,222000.07287598055
270,-1,730901.5215126701,222003.3662717948
270,-1,730912.7866904143,222006.3922226976
270,-1,730915.9964528832,222003.26800002568
270,-1,730905.6063181895,222001.589098585
270,-1,730918.3123329604,221998.01727400935
270,-1,730915.8512046966,222000.68241665635
270,-1,730911.3782501816,222002.71119537932
270,-1,730917.1486107965,221998.82242916705
270,-1,730920.6630238903,222002.01593159785
270,-1,730905.088581777,221999.58749651516
270,-1,730903.4974312749,221998.6626899328
270,-1,730913.5768077137,222005.4019048384
270,-1,730908.5080813284,222001.0755148864
270,-1,730902.0536486122,222006.73413649245
270,-1,730902.7360142942,221998.49870230036
270,-1,730912.9384390147,222006.35682313176
270,-1,730919.6691082148,221999.02632966224
270,-1,730908.0578862954,222001.9304390005
270,-1,730907.932121925,222000.65349693823
270,-1,730916.0130277282,222003.25231595212
270,-1,730912.2494653452,222013.5158680145
270,-1,730900.4122878596,222001.003003259
280,-1,730911.3959339205,222011.98370831428
280,-1,730901.5343767613,222000.0839087826
280,-1,730909.5164019787,222012.76635791903
280,-1,730908.4716078603,222013.2759616296
280,-1,730905.254199056,222000.3971058968
280,-1,730905.8417858746,222001.85938230265
280,-1,730913.5109395976,222011.8819475235
280,-1,730918.4012593942,221998.63373964545
280,-1,730906.5392713107,222007.74713836264
280,-1,730918.9415023398,221997.62711455516
280,-1,730918.3892875974,221995.8495441521
280,-1,730904.9421554811,221998.5667890336
280,-1,730919.7251366503,221997.2731803453
280,-1,730913.9784785862,222002.5819466665
280,-1,730911.9438684576,222003.7313636653
280,-1,730912.2506197373,222010.86056390463
280,-1,730906.4261745187,222009.94193333676
280,-1,730911.7248621143,222002.6875467856
280,-1,730913.7457240858,222003.50786840564
280,-1,730915.7683691939,221997.10561322287
280,-1,730916.8334738379,221999.04332067308
280,-1,730912.5655669594,221998.9314167891
280,-1,730911.2235011297,222002.7758253126
280,-1,730915.4337484189,221996.9436606637
280,-1,730917.5653478177,222001.84202270556
280,-1,730908.0626389062,222003.3855266833
280,-1,730903.4559072807,222000.58391066096
280,-1,730917.4703256125,221998.3669896673
280,-1,730911.9405432274,222003.7325913912
280,-1,730914.6791776855,221997.04741656056
280,-1,730912.6146816266,221999.85383308597
280,-1,730916.6917754676,222012.94952535952
280,-1,730919.9222710133,222000.92071051509
280,-1,730917.2479059469,222000.3307101782
280,-1,730916.5603528817,222012.947680466
280,-1,730918.9406214199,221997.63490443837
280,-1,730904.3715234644,221998.48856426752
280,-1,730908.4232337467,222001.90046505755
280,-1,730919.0373493184,222000.9655136263
280,-1,730908.0555973559,222003.38473270988
280,-1,730913.4811654764,222000.2663272773
280,-1,730901.3692702464,222003.3958099199
280,-1,730912.6819543741,222005.89667710869
280,-1,730915.9623506385,222003.22844139405
280,-1,730905.8372873754,222001.8623462773
280,-1,730918.0426282304,221998.20415137545
280,-1,730915.4362353232,222001.05661278317
280,-1,730911.4144075832,222002.7635967998
280,-1,730916.8361020767,221999.03757655207
280,-1,730920.824340635,222001.79036279512
280,-1,730905.5359803735,221999.80898721912
280,-1,730903.7394676206,221998.82803799864
280,-1,730913.4739003081,222005.37161281036
280,-1,730909.0803974989,222001.24140596893
280,-1,730902.6856377821,222006.2911261676
280,-1,730918.9368654103,222001.04776134255
280,-1,730903.0011522778,221998.6797975404
280,-1,730916.7791975616,222012.9374662167
280,-1,730919.464253703,221999.25749542
280,-1,730908.1660826079,222001.9418621797
280,-1,730907.1767085096,222001.1984818318
280,-1,730907.5680842369,222000.62528650856
280,-1,730915.9657562163,222003.2098548973
280,-1,730900.8674105981,222001.13574801615
280,-1,730912.466602396,222013.39281204657
290,-1,730911.3987727088,222011.98471379364
290,-1,730901.5356007316,222000.0674974509
290,-1,730909.5190350576,222012.7679309944
290,-1,730908.4728024263,222013.2753766835
290,-1,730905.0137703888,222000.36102492665
290,-1,730906.0573467081,222002.09922031988
290,-1,730913.527081727,222011.7370750493
290,-1,730918.0951920374,221998.8893435296
290,-1,730905.3235211521,222008.74275956777
290,-1,730918.777661905,221997.8209683121
290,-1,730918.5783746127,221995.70676798
290,-1,730904.9482974765,221998.5660092088
290,-1,730919.5966801504,221997.51606846813
290,-1,730913.4863566109,222002.9911598308
290,-1,730912.2451260891,222010.87737036412
290,-1,730904.785079736,222011.4617976024
290,-1,730911.9121354998,222002.7270141227
290,-1,730913.2501950806,222003.79933555756
290,-1,730915.8719489059,221997.0417214949
290,-1,730912.5648196297,221998.93100524068
290,-1,730911.3609125182,222002.80708357572
290,-1,730915.460177949,221996.9323429793
290,-1,730917.4605774119,222001.68767914447
290,-1,730908.239319957,222003.63071162836
290,-1,730903.3031347321,222000.42347267224
290,-1,730917.1731042393,221998.5664869561
290,-1,730911.1689881666,222004.4085750852
290,-1,730914.6795862,221997.04527057055
290,-1,730913.1166210173,221999.62494896908
290,-1,730916.671110638,222012.9527161248
290,-1,730919.9202332812,222000.89612295068
290,-1,730916.7914423468,222000.6022205889
290,-1,730918.7726183971,221997.8131199756
290,-1,730904.376671037,221998.49324466244
290,-1,730908.8756368874,222001.8021300845
290,-1,730919.0555824222,222000.9826953849
290,-1,730908.2282997471,222003.64461153367
290,-1,730912.9692673356,222000.4159162924
290,-1,730901.1473987356,222003.42063460223
290,-1,730919.9598611197,221995.89692811584
290,-1,730912.865275237,222006.3405305656
290,-1,730915.9455541115,222003.17381668277
290,-1,730906.0589706015,222002.08212655105
290,-1,730917.7444978642,221998.44139452063
290,-1,730915.0077791646,222001.43814985943
290,-1,730916.4957717797,221999.2364733003
290,-1,730906.1153688297,222000.01013163096
290,-1,730903.9676720735,221998.99947945945
290,-1,730913.4050259322,222005.3434416249
290,-1,730909.5285964257,222001.2178387554
290,-1,730903.2343753114,222005.92986866823
290,-1,730903.2895678411,221998.8802406159
290,-1,730916.7803650224,222012.9416624613
290,-1,730919.2249610352,221999.5030965608
290,-1,730907.1499619451,222000.57619296652
290,-1,730907.7223158695,222002.0698486731
290,-1,730901.3164367182,222001.2050595836
290,-1,730912.6289046091,222013.4140783069
