obj_i,obj_j,cell_id,t_exit_i,t_enter_j,pet,severity
1,2,"(26, 2)",0.2,0.9,0.7,critical
1,2,"(26, 2)",0.2,1.1,0.9000000000000001,critical
2,53,"(26, 2)",1.0333333333333334,2.3666666666666667,1.3333333333333333,critical
2,53,"(26, 2)",2.2,2.3666666666666667,0.16666666666666652,critical
2,53,"(26, 2)",2.2,3.6,1.4,critical
250,315,"(26, 2)",7.066666666666666,8.5,1.4333333333333336,critical
250,315,"(26, 2)",7.066666666666666,8.7,1.6333333333333329,moderate
250,315,"(26, 2)",7.233333333333333,8.5,1.2666666666666666,critical
250,315,"(26, 2)",7.233333333333333,8.7,1.466666666666666,critical
1,2,"(26, 3)",0.3333333333333333,2.2333333333333334,1.9000000000000001,moderate
1,2,"(26, 3)",0.5,2.2333333333333334,1.7333333333333334,moderate
1,2,"(25, 3)",0.43333333333333335,2.3333333333333335,1.9000000000000001,moderate
1,2,"(25, 3)",1.2333333333333334,2.3333333333333335,1.1,critical
2,53,"(25, 3)",3.2333333333333334,4.533333333333333,1.2999999999999998,critical
2,53,"(25, 3)",3.2333333333333334,4.866666666666666,1.6333333333333329,moderate
2,53,"(25, 3)",3.4,4.533333333333333,1.1333333333333333,critical
2,53,"(25, 3)",3.4,4.866666666666666,1.4666666666666663,critical
6,3,"(24, 3)",0.0,0.9666666666666667,0.9666666666666667,critical
6,1,"(24, 3)",0.0,1.3333333333333333,1.3333333333333333,critical
6,82,"(24, 3)",0.0,1.4,1.4,critical
6,1,"(24, 3)",0.0,1.6666666666666667,1.6666666666666667,moderate
6,1,"(24, 3)",0.0,1.9333333333333333,1.9333333333333333,moderate
8,3,"(24, 3)",0.03333333333333333,0.9666666666666667,0.9333333333333333,critical
8,1,"(24, 3)",0.03333333333333333,1.3333333333333333,1.2999999999999998,critical
8,82,"(24, 3)",0.03333333333333333,1.4,1.3666666666666665,critical
8,1,"(24, 3)",0.03333333333333333,1.6666666666666667,1.6333333333333333,moderate
8,1,"(24, 3)",0.03333333333333333,1.9333333333333333,1.9,moderate
3,1,"(24, 3)",0.9666666666666667,1.3333333333333333,0.3666666666666666,critical
3,82,"(24, 3)",0.9666666666666667,1.4,0.43333333333333324,critical
3,1,"(24, 3)",0.9666666666666667,1.6666666666666667,0.7000000000000001,critical
3,1,"(24, 3)",0.9666666666666667,1.9333333333333333,0.9666666666666667,critical
1,2,"(24, 3)",1.4666666666666666,3.2666666666666666,1.8,moderate
1,2,"(24, 3)",1.4666666666666666,3.433333333333333,1.9666666666666666,moderate
82,1,"(24, 3)",1.4,1.6666666666666667,0.26666666666666683,critical
82,1,"(24, 3)",1.4,1.9333333333333333,0.5333333333333334,critical
82,2,"(24, 3)",1.4,3.2666666666666666,1.8666666666666667,moderate
1,2,"(24, 3)",1.7333333333333334,3.2666666666666666,1.5333333333333332,moderate
1,2,"(24, 3)",1.7333333333333334,3.433333333333333,1.6999999999999997,moderate
1,2,"(24, 3)",1.9333333333333333,3.2666666666666666,1.3333333333333333,critical
1,2,"(24, 3)",1.9333333333333333,3.433333333333333,1.4999999999999998,critical
2,53,"(24, 3)",3.3333333333333335,4.633333333333334,1.3000000000000003,critical
2,53,"(24, 3)",3.3333333333333335,4.9,1.5666666666666669,moderate
2,53,"(24, 3)",3.7,4.633333333333334,0.9333333333333336,critical
2,53,"(24, 3)",3.7,4.9,1.2000000000000002,critical
250,315,"(24, 3)",9.1,11.0,1.9000000000000004,moderate
745,781,"(24, 3)",20.333333333333332,21.3,0.9666666666666686,critical
745,781,"(24, 3)",20.333333333333332,22.0,1.6666666666666679,moderate
8,15,"(24, 4)",0.26666666666666666,0.3333333333333333,0.06666666666666665,critical
8,1,"(24, 4)",0.26666666666666666,1.7666666666666666,1.5,moderate
8,1,"(24, 4)",0.26666666666666666,1.9666666666666666,1.7,moderate
8,1,"(24, 4)",0.26666666666666666,2.033333333333333,1.7666666666666666,moderate
8,1,"(24, 4)",0.4,1.7666666666666666,1.3666666666666667,critical
8,1,"(24, 4)",0.4,1.9666666666666666,1.5666666666666664,moderate
8,1,"(24, 4)",0.4,2.033333333333333,1.6333333333333333,moderate
15,8,"(24, 4)",0.36666666666666664,0.5,0.13333333333333336,critical
15,1,"(24, 4)",0.36666666666666664,1.7666666666666666,1.4,critical
15,1,"(24, 4)",0.36666666666666664,1.9666666666666666,1.5999999999999999,moderate
15,1,"(24, 4)",0.36666666666666664,2.033333333333333,1.6666666666666665,moderate
8,1,"(24, 4)",0.5,1.7666666666666666,1.2666666666666666,critical
8,1,"(24, 4)",0.5,1.9666666666666666,1.4666666666666666,critical
8,1,"(24, 4)",0.5,2.033333333333333,1.5333333333333332,moderate
1,2,"(24, 4)",2.033333333333333,4.0,1.9666666666666668,moderate
170,2,"(24, 4)",4.1,4.2,0.10000000000000053,critical
8,1,"(23, 4)",0.3,1.8666666666666667,1.5666666666666667,moderate
8,1,"(23, 4)",0.3,2.0,1.7,moderate
8,111,"(23, 4)",0.3,2.2333333333333334,1.9333333333333333,moderate
15,8,"(23, 4)",0.3,0.43333333333333335,0.13333333333333336,critical
15,8,"(23, 4)",0.3,0.5333333333333333,0.23333333333333334,critical
15,8,"(23, 4)",0.3,1.0666666666666667,0.7666666666666666,critical
15,1,"(23, 4)",0.3,1.8666666666666667,1.5666666666666667,moderate
15,1,"(23, 4)",0.3,2.0,1.7,moderate
15,111,"(23, 4)",0.3,2.2333333333333334,1.9333333333333333,moderate
8,1,"(23, 4)",0.4666666666666667,1.8666666666666667,1.4,critical
8,1,"(23, 4)",0.4666666666666667,2.0,1.5333333333333332,moderate
8,111,"(23, 4)",0.4666666666666667,2.2333333333333334,1.7666666666666666,moderate
8,1,"(23, 4)",0.9666666666666667,1.8666666666666667,0.9,critical
8,1,"(23, 4)",0.9666666666666667,2.0,1.0333333333333332,critical
8,111,"(23, 4)",0.9666666666666667,2.2333333333333334,1.2666666666666666,critical
8,1,"(23, 4)",1.1,1.8666666666666667,0.7666666666666666,critical
8,1,"(23, 4)",1.1,2.0,0.8999999999999999,critical
8,111,"(23, 4)",1.1,2.2333333333333334,1.1333333333333333,critical
1,111,"(23, 4)",1.9,2.2333333333333334,0.3333333333333335,critical
1,133,"(23, 4)",1.9,3.2,1.3000000000000003,critical
1,152,"(23, 4)",1.9,3.566666666666667,1.666666666666667,moderate
1,111,"(23, 4)",2.0,2.2333333333333334,0.2333333333333334,critical
1,133,"(23, 4)",2.0,3.2,1.2000000000000002,critical
1,152,"(23, 4)",2.0,3.566666666666667,1.5666666666666669,moderate
111,133,"(23, 4)",2.2333333333333334,3.2,0.9666666666666668,critical
111,152,"(23, 4)",2.2333333333333334,3.566666666666667,1.3333333333333335,critical
111,2,"(23, 4)",2.2333333333333334,4.133333333333334,1.9000000000000004,moderate
111,170,"(23, 4)",2.2333333333333334,4.133333333333334,1.9000000000000004,moderate
133,2,"(23, 4)",3.6,4.133333333333334,0.5333333333333337,critical
133,170,"(23, 4)",3.6,4.133333333333334,0.5333333333333337,critical
133,2,"(23, 4)",3.6,4.333333333333333,0.733333333333333,critical
133,2,"(23, 4)",3.6,4.833333333333333,1.233333333333333,critical
152,2,"(23, 4)",3.566666666666667,4.133333333333334,0.5666666666666669,critical
152,170,"(23, 4)",3.566666666666667,4.133333333333334,0.5666666666666669,critical
152,2,"(23, 4)",3.566666666666667,4.333333333333333,0.7666666666666662,critical
152,2,"(23, 4)",3.566666666666667,4.833333333333333,1.2666666666666662,critical
170,2,"(23, 4)",4.133333333333334,4.333333333333333,0.1999999999999993,critical
170,2,"(23, 4)",4.133333333333334,4.833333333333333,0.6999999999999993,critical
2,53,"(23, 4)",4.733333333333333,6.166666666666667,1.4333333333333336,critical
2,53,"(23, 4)",4.733333333333333,6.433333333333334,1.7000000000000002,moderate
2,53,"(23, 4)",4.866666666666666,6.166666666666667,1.3000000000000007,critical
2,53,"(23, 4)",4.866666666666666,6.433333333333334,1.5666666666666673,moderate
315,405,"(23, 4)",12.133333333333333,12.466666666666667,0.3333333333333339,critical
315,405,"(23, 4)",12.366666666666667,12.466666666666667,0.09999999999999964,critical
405,315,"(23, 4)",12.5,12.7,0.1999999999999993,critical
405,315,"(23, 4)",12.5,12.966666666666667,0.4666666666666668,critical
2,53,"(27, 1)",0.43333333333333335,1.0,0.5666666666666667,critical
541,568,"(27, 1)",16.333333333333332,16.6,0.26666666666666927,critical
8,132,"(22, 4)",1.0333333333333334,2.6666666666666665,1.633333333333333,moderate
8,132,"(22, 4)",1.2666666666666666,2.6666666666666665,1.4,critical
8,132,"(22, 4)",1.2666666666666666,3.1333333333333333,1.8666666666666667,moderate
132,133,"(22, 4)",3.0,3.6333333333333333,0.6333333333333333,critical
132,2,"(22, 4)",3.0,4.766666666666667,1.7666666666666666,moderate
132,133,"(22, 4)",3.1333333333333333,3.6333333333333333,0.5,critical
132,2,"(22, 4)",3.1333333333333333,4.766666666666667,1.6333333333333333,moderate
132,2,"(22, 4)",3.1333333333333333,5.033333333333333,1.9,moderate
133,2,"(22, 4)",4.366666666666666,4.766666666666667,0.40000000000000036,critical
133,2,"(22, 4)",4.366666666666666,5.033333333333333,0.666666666666667,critical
2,53,"(22, 4)",4.8,6.533333333333333,1.7333333333333334,moderate
2,53,"(22, 4)",5.033333333333333,6.533333333333333,1.5,moderate
781,923,"(22, 4)",23.833333333333332,25.266666666666666,1.4333333333333336,critical
781,923,"(22, 4)",24.533333333333335,25.266666666666666,0.7333333333333307,critical
923,781,"(22, 4)",25.3,25.466666666666665,0.1666666666666643,critical
923,781,"(22, 4)",25.3,26.2,0.8999999999999986,critical
8,132,"(22, 5)",1.5333333333333334,3.033333333333333,1.4999999999999998,critical
8,132,"(22, 5)",1.5333333333333334,3.1666666666666665,1.633333333333333,moderate
132,2,"(22, 5)",3.1,4.933333333333334,1.8333333333333335,moderate
132,2,"(22, 5)",3.1,5.066666666666666,1.9666666666666663,moderate
132,2,"(22, 5)",3.1666666666666665,4.933333333333334,1.766666666666667,moderate
132,2,"(22, 5)",3.1666666666666665,5.066666666666666,1.9,moderate
358,678,"(22, 5)",18.033333333333335,18.666666666666668,0.6333333333333329,critical
358,620,"(22, 5)",18.033333333333335,19.966666666666665,1.93333333333333,moderate
358,678,"(22, 5)",18.3,18.666666666666668,0.36666666666666714,critical
358,620,"(22, 5)",18.3,19.966666666666665,1.6666666666666643,moderate
358,620,"(22, 5)",18.666666666666668,19.966666666666665,1.2999999999999972,critical
358,620,"(22, 5)",18.666666666666668,20.6,1.9333333333333336,moderate
678,620,"(22, 5)",18.733333333333334,19.966666666666665,1.2333333333333307,critical
678,620,"(22, 5)",18.733333333333334,20.6,1.8666666666666671,moderate
8,132,"(21, 5)",2.1,3.2,1.1,critical
132,133,"(21, 5)",3.6666666666666665,4.833333333333333,1.1666666666666665,critical
132,2,"(21, 5)",3.6666666666666665,5.4,1.7333333333333338,moderate
132,2,"(21, 5)",3.6666666666666665,5.533333333333333,1.8666666666666667,moderate
133,2,"(21, 5)",5.133333333333334,5.4,0.2666666666666666,critical
133,2,"(21, 5)",5.133333333333334,5.533333333333333,0.39999999999999947,critical
2,53,"(21, 5)",5.433333333333334,7.4,1.9666666666666668,moderate
2,53,"(21, 5)",5.9,7.4,1.5,moderate
8,132,"(20, 6)",2.6333333333333333,4.033333333333333,1.4,critical
8,132,"(20, 6)",2.6333333333333333,4.133333333333334,1.5000000000000004,moderate
132,2,"(20, 6)",4.066666666666666,6.0,1.9333333333333336,moderate
132,2,"(20, 6)",4.066666666666666,6.066666666666666,2.0,moderate
132,2,"(20, 6)",4.133333333333334,6.0,1.8666666666666663,moderate
132,2,"(20, 6)",4.133333333333334,6.066666666666666,1.9333333333333327,moderate
8,132,"(19, 6)",3.0,4.1,1.0999999999999996,critical
8,132,"(19, 6)",3.0,4.166666666666667,1.166666666666667,critical
132,133,"(19, 6)",4.1,6.1,2.0,moderate
132,133,"(19, 6)",4.6,6.1,1.5,moderate
132,2,"(19, 6)",4.6,6.533333333333333,1.9333333333333336,moderate
133,2,"(19, 6)",6.366666666666666,6.533333333333333,0.16666666666666696,critical
2,53,"(19, 6)",6.733333333333333,8.366666666666667,1.6333333333333337,moderate
8,132,"(18, 7)",3.466666666666667,4.866666666666666,1.3999999999999995,critical
132,2,"(18, 7)",4.933333333333334,6.833333333333333,1.8999999999999995,moderate
132,2,"(18, 7)",4.933333333333334,6.9,1.9666666666666668,moderate
2,133,"(18, 7)",6.833333333333333,7.3,0.4666666666666668,critical
2,133,"(18, 7)",6.9,7.3,0.39999999999999947,critical
2,133,"(18, 7)",7.233333333333333,7.3,0.06666666666666643,critical
2,53,"(18, 7)",7.233333333333333,9.133333333333333,1.8999999999999995,moderate
2,53,"(18, 7)",7.366666666666666,9.133333333333333,1.7666666666666666,moderate
133,53,"(18, 7)",7.3,9.133333333333333,1.833333333333333,moderate
8,132,"(17, 7)",3.7333333333333334,4.966666666666667,1.2333333333333334,critical
132,133,"(17, 7)",5.333333333333333,7.2,1.8666666666666671,moderate
132,2,"(17, 7)",5.333333333333333,7.266666666666667,1.9333333333333336,moderate
133,2,"(17, 7)",7.233333333333333,7.266666666666667,0.033333333333333215,critical
133,2,"(17, 7)",7.233333333333333,7.4,0.16666666666666696,critical
133,53,"(17, 7)",7.233333333333333,9.2,1.966666666666666,moderate
2,53,"(17, 7)",7.266666666666667,9.2,1.9333333333333327,moderate
2,53,"(17, 7)",7.5,9.2,1.6999999999999993,moderate
1647,1730,"(17, 7)",52.8,53.56666666666667,0.7666666666666728,critical
603,672,"(17, 8)",17.3,18.533333333333335,1.2333333333333343,critical
1348,1399,"(17, 8)",40.06666666666667,41.36666666666667,1.2999999999999972,critical
1621,1647,"(17, 8)",50.733333333333334,52.56666666666667,1.8333333333333357,moderate
8,132,"(16, 8)",4.133333333333334,5.533333333333333,1.3999999999999995,critical
2,53,"(16, 8)",8.033333333333333,9.766666666666667,1.7333333333333343,moderate
2,53,"(16, 8)",8.033333333333333,9.833333333333334,1.8000000000000007,moderate
279,53,"(16, 8)",7.966666666666667,9.766666666666667,1.8000000000000007,moderate
279,53,"(16, 8)",7.966666666666667,9.833333333333334,1.8666666666666671,moderate
1054,1124,"(16, 8)",30.633333333333333,32.0,1.3666666666666671,critical
1054,1124,"(16, 8)",30.833333333333332,32.0,1.1666666666666679,critical
1348,1371,"(16, 8)",40.2,41.06666666666667,0.8666666666666671,critical
1348,1399,"(16, 8)",40.2,41.733333333333334,1.5333333333333314,moderate
1371,1399,"(16, 8)",41.1,41.733333333333334,0.6333333333333329,critical
1647,1744,"(16, 8)",52.96666666666667,53.86666666666667,0.8999999999999986,critical
779,879,"(16, 9)",23.733333333333334,24.833333333333332,1.0999999999999979,critical
7,8,"(15, 9)",2.6,4.3,1.6999999999999997,moderate
8,132,"(14, 9)",4.7,6.1,1.3999999999999995,critical
2,53,"(14, 9)",8.5,10.266666666666667,1.7666666666666675,moderate
763,315,"(14, 9)",20.633333333333333,22.4,1.7666666666666657,moderate
7,8,"(14, 10)",3.2333333333333334,4.733333333333333,1.5,moderate
146,8,"(14, 10)",3.2333333333333334,4.733333333333333,1.5,moderate
8,132,"(12, 10)",5.133333333333334,6.6,1.466666666666666,critical
8,132,"(12, 10)",5.2,6.6,1.3999999999999995,critical
2,53,"(12, 10)",8.9,10.7,1.799999999999999,moderate
268,353,"(12, 10)",13.433333333333334,15.433333333333334,2.0,moderate
1765,1799,"(12, 10)",55.03333333333333,55.96666666666667,0.9333333333333371,critical
7,8,"(12, 11)",3.7666666666666666,5.166666666666667,1.4000000000000004,critical
2,53,"(10, 11)",9.233333333333333,11.066666666666666,1.833333333333334,moderate
268,353,"(10, 11)",14.2,16.2,2.0,moderate
8,132,"(9, 12)",5.766666666666667,7.366666666666666,1.5999999999999996,moderate
7,8,"(9, 13)",4.6,5.8,1.2000000000000002,critical
8,132,"(7, 13)",6.033333333333333,7.666666666666667,1.6333333333333337,moderate
2,53,"(7, 13)",9.766666666666667,11.733333333333333,1.966666666666665,moderate
7,8,"(7, 14)",5.266666666666667,6.066666666666666,0.7999999999999998,critical
8,132,"(5, 14)",6.5,7.933333333333334,1.4333333333333336,critical
8,132,"(5, 14)",6.5,8.066666666666666,1.5666666666666664,moderate
132,2,"(5, 14)",8.0,9.9,1.9000000000000004,moderate
132,2,"(5, 14)",8.133333333333333,9.9,1.7666666666666675,moderate
2,53,"(5, 14)",10.166666666666666,12.0,1.833333333333334,moderate
2,53,"(5, 14)",10.166666666666666,12.166666666666666,2.0,moderate
8,132,"(4, 14)",6.6,8.033333333333333,1.4333333333333336,critical
8,132,"(4, 14)",6.6,8.166666666666666,1.5666666666666664,moderate
2,53,"(4, 14)",10.3,12.066666666666666,1.7666666666666657,moderate
2,53,"(4, 14)",10.3,12.3,2.0,moderate
268,353,"(4, 14)",15.766666666666667,17.633333333333333,1.8666666666666654,moderate
268,353,"(4, 14)",15.766666666666667,17.766666666666666,1.9999999999999982,moderate
250,315,"(25, 2)",8.133333333333333,9.9,1.7666666666666675,moderate
250,315,"(25, 2)",8.133333333333333,10.1,1.9666666666666668,moderate
3,115,"(24, 2)",0.4666666666666667,2.3333333333333335,1.8666666666666667,moderate
3,115,"(24, 2)",0.6333333333333333,2.3333333333333335,1.7000000000000002,moderate
3,115,"(24, 2)",1.0333333333333334,2.3333333333333335,1.3,critical
1621,1647,"(22, 9)",49.46666666666667,51.266666666666666,1.7999999999999972,moderate
1348,1399,"(21, 9)",39.0,40.56666666666667,1.56666666666667,moderate
1621,1647,"(21, 9)",49.6,51.53333333333333,1.93333333333333,moderate
977,1054,"(20, 9)",27.766666666666666,29.566666666666666,1.8000000000000007,moderate
660,813,"(20, 8)",20.966666666666665,22.766666666666666,1.8000000000000007,moderate
1621,1647,"(20, 8)",49.96666666666667,51.833333333333336,1.8666666666666671,moderate
5,192,"(19, 8)",4.433333333333334,4.566666666666666,0.13333333333333286,critical
5,204,"(19, 8)",4.433333333333334,4.8,0.36666666666666625,critical
192,204,"(19, 8)",4.7,4.8,0.09999999999999964,critical
1621,1647,"(19, 8)",50.2,52.03333333333333,1.8333333333333286,moderate
1348,1399,"(18, 8)",39.86666666666667,41.3,1.43333333333333,critical
1621,1647,"(18, 8)",50.266666666666666,52.233333333333334,1.9666666666666686,moderate
1621,1647,"(18, 8)",50.53333333333333,52.233333333333334,1.7000000000000028,moderate
779,879,"(17, 9)",23.466666666666665,24.7,1.2333333333333343,critical
879,941,"(17, 9)",24.8,25.7,0.8999999999999986,critical
1009,1029,"(11, 13)",27.733333333333334,29.3,1.5666666666666664,moderate
8,132,"(20, 5)",2.2666666666666666,3.7,1.4333333333333336,critical
132,133,"(20, 5)",4.0,5.166666666666667,1.166666666666667,critical
133,53,"(20, 5)",5.866666666666666,7.866666666666666,2.0,moderate
8,132,"(18, 6)",3.033333333333333,4.633333333333334,1.6000000000000005,moderate
132,133,"(18, 6)",4.833333333333333,6.4,1.5666666666666673,moderate
133,53,"(18, 6)",6.833333333333333,8.7,1.8666666666666663,moderate
133,53,"(18, 6)",6.833333333333333,8.8,1.9666666666666677,moderate
8,132,"(15, 8)",4.266666666666667,5.7,1.4333333333333336,critical
132,133,"(15, 8)",5.966666666666667,7.966666666666667,2.0,moderate
133,53,"(15, 8)",8.0,9.8,1.8000000000000007,moderate
133,53,"(15, 8)",8.0,9.866666666666667,1.8666666666666671,moderate
315,779,"(15, 8)",22.066666666666666,24.033333333333335,1.9666666666666686,moderate
779,879,"(15, 8)",24.4,25.133333333333333,0.7333333333333343,critical
1371,1399,"(15, 8)",41.36666666666667,42.03333333333333,0.6666666666666643,critical
1399,1463,"(15, 8)",42.3,43.46666666666667,1.1666666666666714,critical
251,8,"(3, 14)",5.8,6.666666666666667,0.8666666666666671,critical
8,132,"(3, 14)",6.7,8.2,1.4999999999999991,critical
8,314,"(3, 14)",6.7,8.433333333333334,1.7333333333333334,moderate
133,53,"(3, 14)",10.6,12.133333333333333,1.5333333333333332,moderate
133,53,"(3, 14)",10.6,12.2,1.5999999999999996,moderate
133,53,"(3, 14)",10.6,12.333333333333334,1.7333333333333343,moderate
934,928,"(18, 3)",25.8,27.666666666666668,1.8666666666666671,moderate
934,928,"(18, 3)",26.233333333333334,27.666666666666668,1.4333333333333336,critical
934,928,"(18, 3)",26.466666666666665,27.666666666666668,1.2000000000000028,critical
1305,1402,"(18, 3)",38.4,40.36666666666667,1.9666666666666686,moderate
1633,1679,"(18, 3)",50.53333333333333,51.86666666666667,1.3333333333333357,critical
158,91,"(19, 4)",3.7666666666666666,3.966666666666667,0.20000000000000018,critical
158,91,"(19, 4)",3.7666666666666666,4.2,0.43333333333333357,critical
158,91,"(19, 4)",3.7666666666666666,4.766666666666667,1.0,critical
158,91,"(19, 4)",3.7666666666666666,4.866666666666666,1.0999999999999996,critical
158,91,"(19, 4)",3.8333333333333335,3.966666666666667,0.1333333333333333,critical
158,91,"(19, 4)",3.8333333333333335,4.2,0.3666666666666667,critical
158,91,"(19, 4)",3.8333333333333335,4.766666666666667,0.9333333333333331,critical
158,91,"(19, 4)",3.8333333333333335,4.866666666666666,1.0333333333333328,critical
91,133,"(21, 4)",3.3,4.4,1.1000000000000005,critical
620,781,"(21, 4)",24.433333333333334,26.166666666666668,1.7333333333333343,moderate
620,781,"(21, 4)",24.433333333333334,26.233333333333334,1.8000000000000007,moderate
620,781,"(21, 4)",24.533333333333335,26.166666666666668,1.6333333333333329,moderate
620,781,"(21, 4)",24.533333333333335,26.233333333333334,1.6999999999999993,moderate
132,133,"(16, 7)",5.5,7.266666666666667,1.7666666666666666,moderate
132,133,"(16, 7)",5.5,7.333333333333333,1.833333333333333,moderate
133,53,"(16, 7)",7.666666666666667,9.466666666666667,1.7999999999999998,moderate
133,53,"(16, 7)",7.666666666666667,9.566666666666666,1.8999999999999995,moderate
1197,1215,"(16, 7)",33.86666666666667,34.13333333333333,0.2666666666666657,critical
132,133,"(14, 8)",6.066666666666666,8.033333333333333,1.9666666666666668,moderate
133,53,"(14, 8)",8.3,10.166666666666666,1.8666666666666654,moderate
1371,1463,"(14, 8)",41.833333333333336,43.6,1.7666666666666657,moderate
133,53,"(13, 9)",8.7,10.366666666666667,1.6666666666666679,moderate
53,268,"(13, 9)",10.6,12.533333333333333,1.9333333333333336,moderate
268,353,"(13, 9)",12.566666666666666,14.566666666666666,2.0,moderate
268,353,"(13, 9)",12.666666666666666,14.566666666666666,1.9000000000000004,moderate
133,53,"(12, 9)",8.633333333333333,10.633333333333333,2.0,moderate
133,53,"(12, 9)",8.833333333333334,10.633333333333333,1.799999999999999,moderate
133,53,"(12, 9)",8.933333333333334,10.633333333333333,1.6999999999999993,moderate
53,268,"(12, 9)",10.666666666666666,12.6,1.9333333333333336,moderate
268,353,"(12, 9)",13.4,14.666666666666666,1.2666666666666657,critical
268,353,"(12, 9)",13.4,14.966666666666667,1.5666666666666664,moderate
268,353,"(12, 9)",13.4,15.1,1.6999999999999993,moderate
133,53,"(11, 10)",9.1,10.866666666666667,1.7666666666666675,moderate
268,353,"(11, 10)",13.866666666666667,15.633333333333333,1.7666666666666657,moderate
268,353,"(11, 10)",13.866666666666667,15.766666666666667,1.9000000000000004,moderate
1765,1816,"(11, 10)",55.166666666666664,56.3,1.1333333333333329,critical
1765,1816,"(11, 10)",55.166666666666664,57.1,1.9333333333333371,moderate
268,353,"(9, 11)",14.566666666666666,16.5,1.9333333333333336,moderate
268,353,"(9, 11)",14.566666666666666,16.566666666666666,2.0,moderate
133,53,"(7, 12)",10.033333333333333,11.6,1.5666666666666664,moderate
133,53,"(5, 13)",10.3,11.933333333333334,1.6333333333333329,moderate
133,53,"(2, 14)",10.766666666666667,12.533333333333333,1.7666666666666657,moderate
62,144,"(15, 14)",1.9666666666666666,3.2,1.2333333333333336,critical
62,144,"(15, 14)",2.7333333333333334,3.2,0.4666666666666668,critical
62,144,"(15, 14)",2.8666666666666667,3.2,0.3333333333333335,critical
326,502,"(15, 14)",13.133333333333333,15.1,1.9666666666666668,moderate
326,502,"(15, 14)",13.433333333333334,15.1,1.666666666666666,moderate
326,502,"(15, 14)",13.433333333333334,15.233333333333333,1.799999999999999,moderate
502,1182,"(15, 14)",32.333333333333336,33.2,0.8666666666666671,critical
502,1182,"(15, 14)",32.333333333333336,33.3,0.9666666666666615,critical
502,1182,"(15, 14)",32.333333333333336,33.36666666666667,1.0333333333333314,critical
502,1182,"(15, 14)",32.333333333333336,33.6,1.2666666666666657,critical
502,1182,"(15, 14)",32.333333333333336,33.666666666666664,1.3333333333333286,critical
502,1182,"(15, 14)",32.333333333333336,34.06666666666667,1.7333333333333343,moderate
1182,1335,"(15, 14)",38.06666666666667,38.4,0.3333333333333286,critical
1182,1373,"(15, 14)",38.06666666666667,40.06666666666667,2.0,moderate
1315,1182,"(15, 14)",37.8,38.2,0.4000000000000057,critical
1315,1335,"(15, 14)",37.8,38.4,0.6000000000000014,critical
1182,1373,"(15, 14)",38.5,40.06666666666667,1.56666666666667,moderate
1335,1373,"(15, 14)",38.4,40.06666666666667,1.6666666666666714,moderate
1373,1578,"(15, 14)",46.266666666666666,47.833333333333336,1.56666666666667,moderate
1373,1578,"(15, 14)",46.266666666666666,47.9,1.6333333333333329,moderate
1373,1578,"(15, 14)",46.5,47.833333333333336,1.3333333333333357,critical
1373,1578,"(15, 14)",46.5,47.9,1.3999999999999986,critical
1373,1578,"(15, 14)",46.666666666666664,47.833333333333336,1.1666666666666714,critical
1373,1578,"(15, 14)",46.666666666666664,47.9,1.2333333333333343,critical
1373,1578,"(15, 14)",46.93333333333333,47.833333333333336,0.9000000000000057,critical
1373,1578,"(15, 14)",46.93333333333333,47.9,0.9666666666666686,critical
1373,1609,"(15, 14)",46.93333333333333,48.833333333333336,1.9000000000000057,moderate
1373,1609,"(15, 14)",46.93333333333333,48.9,1.9666666666666686,moderate
1373,1578,"(15, 14)",47.166666666666664,47.833333333333336,0.6666666666666714,critical
1373,1578,"(15, 14)",47.166666666666664,47.9,0.7333333333333343,critical
1373,1609,"(15, 14)",47.166666666666664,48.833333333333336,1.6666666666666714,moderate
1373,1609,"(15, 14)",47.166666666666664,48.9,1.7333333333333343,moderate
1373,1578,"(15, 14)",47.333333333333336,47.833333333333336,0.5,critical
1373,1578,"(15, 14)",47.333333333333336,47.9,0.5666666666666629,critical
1373,1609,"(15, 14)",47.333333333333336,48.833333333333336,1.5,moderate
1373,1609,"(15, 14)",47.333333333333336,48.9,1.5666666666666629,moderate
1373,1578,"(15, 14)",47.833333333333336,47.9,0.06666666666666288,critical
1373,1609,"(15, 14)",47.833333333333336,48.833333333333336,1.0,critical
1373,1609,"(15, 14)",47.833333333333336,48.9,1.0666666666666629,critical
1578,1373,"(15, 14)",47.833333333333336,47.9,0.06666666666666288,critical
1578,1373,"(15, 14)",47.833333333333336,48.06666666666667,0.23333333333333428,critical
1578,1373,"(15, 14)",47.833333333333336,48.53333333333333,0.6999999999999957,critical
1578,1373,"(15, 14)",47.833333333333336,48.833333333333336,1.0,critical
1578,1609,"(15, 14)",47.833333333333336,48.833333333333336,1.0,critical
1578,1373,"(15, 14)",47.833333333333336,48.9,1.0666666666666629,critical
1578,1609,"(15, 14)",47.833333333333336,48.9,1.0666666666666629,critical
1578,1373,"(15, 14)",47.833333333333336,49.56666666666667,1.7333333333333343,moderate
1373,1609,"(15, 14)",47.93333333333333,48.833333333333336,0.9000000000000057,critical
1373,1609,"(15, 14)",47.93333333333333,48.9,0.9666666666666686,critical
1578,1373,"(15, 14)",47.93333333333333,48.06666666666667,0.13333333333333997,critical
1578,1373,"(15, 14)",47.93333333333333,48.53333333333333,0.6000000000000014,critical
1578,1373,"(15, 14)",47.93333333333333,48.833333333333336,0.9000000000000057,critical
1578,1609,"(15, 14)",47.93333333333333,48.833333333333336,0.9000000000000057,critical
1578,1373,"(15, 14)",47.93333333333333,48.9,0.9666666666666686,critical
1578,1609,"(15, 14)",47.93333333333333,48.9,0.9666666666666686,critical
1578,1373,"(15, 14)",47.93333333333333,49.56666666666667,1.63333333333334,moderate
1373,1609,"(15, 14)",48.06666666666667,48.833333333333336,0.7666666666666657,critical
1373,1609,"(15, 14)",48.06666666666667,48.9,0.8333333333333286,critical
1373,1609,"(15, 14)",48.666666666666664,48.833333333333336,0.1666666666666714,critical
1373,1609,"(15, 14)",48.666666666666664,48.9,0.23333333333333428,critical
1373,1609,"(15, 14)",48.833333333333336,48.9,0.06666666666666288,critical
1609,1373,"(15, 14)",48.833333333333336,48.9,0.06666666666666288,critical
1609,1373,"(15, 14)",48.833333333333336,49.56666666666667,0.7333333333333343,critical
1609,1373,"(15, 14)",48.833333333333336,50.0,1.1666666666666643,critical
1609,1373,"(15, 14)",48.833333333333336,50.5,1.6666666666666643,moderate
1609,1373,"(15, 14)",48.96666666666667,49.56666666666667,0.6000000000000014,critical
1609,1373,"(15, 14)",48.96666666666667,50.0,1.0333333333333314,critical
1609,1373,"(15, 14)",48.96666666666667,50.5,1.5333333333333314,moderate
1609,1373,"(15, 14)",48.96666666666667,50.86666666666667,1.8999999999999986,moderate
1373,1867,"(15, 14)",56.6,58.13333333333333,1.5333333333333314,moderate
1373,1867,"(15, 14)",56.6,58.4,1.7999999999999972,moderate
1373,1867,"(15, 14)",56.6,58.6,2.0,moderate
326,327,"(14, 14)",11.133333333333333,13.133333333333333,2.0,moderate
326,327,"(14, 14)",11.3,13.133333333333333,1.8333333333333321,moderate
326,327,"(14, 14)",11.3,13.233333333333333,1.9333333333333318,moderate
326,327,"(14, 14)",12.0,13.133333333333333,1.1333333333333329,critical
326,327,"(14, 14)",12.0,13.233333333333333,1.2333333333333325,critical
326,327,"(14, 14)",12.233333333333333,13.133333333333333,0.9000000000000004,critical
326,327,"(14, 14)",12.233333333333333,13.233333333333333,1.0,critical
326,327,"(14, 14)",12.466666666666667,13.133333333333333,0.6666666666666661,critical
326,327,"(14, 14)",12.466666666666667,13.233333333333333,0.7666666666666657,critical
326,327,"(14, 14)",12.733333333333333,13.133333333333333,0.40000000000000036,critical
326,327,"(14, 14)",12.733333333333333,13.233333333333333,0.5,critical
327,502,"(14, 14)",13.166666666666666,15.033333333333333,1.8666666666666671,moderate
327,502,"(14, 14)",13.166666666666666,15.133333333333333,1.9666666666666668,moderate
327,502,"(14, 14)",13.233333333333333,15.033333333333333,1.8000000000000007,moderate
327,502,"(14, 14)",13.233333333333333,15.133333333333333,1.9000000000000004,moderate
1373,1578,"(14, 14)",45.93333333333333,47.36666666666667,1.4333333333333371,critical
1373,1578,"(14, 14)",45.93333333333333,47.86666666666667,1.9333333333333371,moderate
1373,1578,"(14, 14)",46.3,47.36666666666667,1.06666666666667,critical
1373,1578,"(14, 14)",46.3,47.86666666666667,1.56666666666667,moderate
1373,1578,"(14, 14)",46.3,47.96666666666667,1.6666666666666714,moderate
1373,1578,"(14, 14)",46.63333333333333,47.36666666666667,0.7333333333333343,critical
1373,1578,"(14, 14)",46.63333333333333,47.86666666666667,1.2333333333333343,critical
1373,1578,"(14, 14)",46.63333333333333,47.96666666666667,1.3333333333333357,critical
1373,1578,"(14, 14)",46.9,47.36666666666667,0.46666666666666856,critical
1373,1578,"(14, 14)",46.9,47.86666666666667,0.9666666666666686,critical
1373,1578,"(14, 14)",46.9,47.96666666666667,1.06666666666667,critical
1373,1609,"(14, 14)",46.9,48.7,1.8000000000000043,moderate
1373,1609,"(14, 14)",46.9,48.86666666666667,1.9666666666666686,moderate
1373,1578,"(14, 14)",47.1,47.36666666666667,0.2666666666666657,critical
1373,1578,"(14, 14)",47.1,47.86666666666667,0.7666666666666657,critical
1373,1578,"(14, 14)",47.1,47.96666666666667,0.8666666666666671,critical
1373,1609,"(14, 14)",47.1,48.7,1.6000000000000014,moderate
1373,1609,"(14, 14)",47.1,48.86666666666667,1.7666666666666657,moderate
1373,1578,"(14, 14)",47.3,47.36666666666667,0.06666666666666998,critical
1373,1578,"(14, 14)",47.3,47.86666666666667,0.56666666666667,critical
1373,1578,"(14, 14)",47.3,47.96666666666667,0.6666666666666714,critical
1373,1609,"(14, 14)",47.3,48.7,1.4000000000000057,critical
1373,1609,"(14, 14)",47.3,48.86666666666667,1.56666666666667,moderate
1373,1578,"(14, 14)",47.8,47.86666666666667,0.06666666666666998,critical
1373,1578,"(14, 14)",47.8,47.96666666666667,0.1666666666666714,critical
1373,1609,"(14, 14)",47.8,48.7,0.9000000000000057,critical
1373,1609,"(14, 14)",47.8,48.86666666666667,1.06666666666667,critical
1578,1373,"(14, 14)",47.8,47.86666666666667,0.06666666666666998,critical
1578,1373,"(14, 14)",47.8,47.96666666666667,0.1666666666666714,critical
1578,1373,"(14, 14)",47.8,48.7,0.9000000000000057,critical
1578,1609,"(14, 14)",47.8,48.7,0.9000000000000057,critical
1578,1373,"(14, 14)",47.8,48.86666666666667,1.06666666666667,critical
1578,1609,"(14, 14)",47.8,48.86666666666667,1.06666666666667,critical
1578,1373,"(14, 14)",47.8,49.53333333333333,1.7333333333333343,moderate
1373,1578,"(14, 14)",47.86666666666667,47.96666666666667,0.10000000000000142,critical
1373,1609,"(14, 14)",47.86666666666667,48.7,0.8333333333333357,critical
1373,1609,"(14, 14)",47.86666666666667,48.86666666666667,1.0,critical
1578,1373,"(14, 14)",47.86666666666667,47.96666666666667,0.10000000000000142,critical
1578,1373,"(14, 14)",47.86666666666667,48.7,0.8333333333333357,critical
1578,1609,"(14, 14)",47.86666666666667,48.7,0.8333333333333357,critical
1578,1373,"(14, 14)",47.86666666666667,48.86666666666667,1.0,critical
1578,1609,"(14, 14)",47.86666666666667,48.86666666666667,1.0,critical
1578,1373,"(14, 14)",47.86666666666667,49.53333333333333,1.6666666666666643,moderate
1373,1609,"(14, 14)",48.03333333333333,48.7,0.6666666666666714,critical
1373,1609,"(14, 14)",48.03333333333333,48.86666666666667,0.8333333333333357,critical
1578,1373,"(14, 14)",47.96666666666667,48.7,0.7333333333333343,critical
1578,1609,"(14, 14)",47.96666666666667,48.7,0.7333333333333343,critical
1578,1373,"(14, 14)",47.96666666666667,48.86666666666667,0.8999999999999986,critical
1578,1609,"(14, 14)",47.96666666666667,48.86666666666667,0.8999999999999986,critical
1578,1373,"(14, 14)",47.96666666666667,49.53333333333333,1.5666666666666629,moderate
1578,1373,"(14, 14)",47.96666666666667,49.96666666666667,2.0,moderate
1373,1609,"(14, 14)",48.8,48.86666666666667,0.06666666666666998,critical
1609,1373,"(14, 14)",48.8,48.86666666666667,0.06666666666666998,critical
1609,1373,"(14, 14)",48.8,49.53333333333333,0.7333333333333343,critical
1609,1373,"(14, 14)",48.8,49.96666666666667,1.1666666666666714,critical
1609,1373,"(14, 14)",48.8,50.4,1.6000000000000014,moderate
1609,1373,"(14, 14)",48.8,50.733333333333334,1.9333333333333371,moderate
1609,1373,"(14, 14)",48.86666666666667,49.53333333333333,0.6666666666666643,critical
1609,1373,"(14, 14)",48.86666666666667,49.96666666666667,1.1000000000000014,critical
1609,1373,"(14, 14)",48.86666666666667,50.4,1.5333333333333314,moderate
1609,1373,"(14, 14)",48.86666666666667,50.733333333333334,1.8666666666666671,moderate
1373,1716,"(14, 14)",54.833333333333336,55.8,0.9666666666666615,critical
1373,1716,"(14, 14)",54.833333333333336,55.9,1.0666666666666629,critical
1373,1716,"(14, 14)",54.833333333333336,56.03333333333333,1.1999999999999957,critical
1373,1716,"(14, 14)",54.833333333333336,56.166666666666664,1.3333333333333286,critical
1373,1716,"(14, 14)",54.93333333333333,55.8,0.8666666666666671,critical
1373,1716,"(14, 14)",54.93333333333333,55.9,0.9666666666666686,critical
1373,1716,"(14, 14)",54.93333333333333,56.03333333333333,1.1000000000000014,critical
1373,1716,"(14, 14)",54.93333333333333,56.166666666666664,1.2333333333333343,critical
1373,1716,"(14, 14)",55.4,55.8,0.3999999999999986,critical
1373,1716,"(14, 14)",55.4,55.9,0.5,critical
1373,1716,"(14, 14)",55.4,56.03333333333333,0.6333333333333329,critical
1373,1716,"(14, 14)",55.4,56.166666666666664,0.7666666666666657,critical
1373,1716,"(14, 14)",55.766666666666666,55.8,0.03333333333333144,critical
1373,1716,"(14, 14)",55.766666666666666,55.9,0.13333333333333286,critical
1373,1716,"(14, 14)",55.766666666666666,56.03333333333333,0.2666666666666657,critical
1373,1716,"(14, 14)",55.766666666666666,56.166666666666664,0.3999999999999986,critical
1716,1867,"(14, 14)",56.2,58.06666666666667,1.8666666666666671,moderate
1716,1867,"(14, 14)",56.2,58.2,2.0,moderate
1872,1878,"(25, 8)",58.4,58.5,0.10000000000000142,critical
596,620,"(22, 6)",17.333333333333332,17.533333333333335,0.20000000000000284,critical
596,620,"(22, 6)",17.333333333333332,17.6,0.26666666666666927,critical
596,620,"(22, 6)",17.333333333333332,17.7,0.36666666666666714,critical
596,674,"(22, 6)",17.333333333333332,18.566666666666666,1.2333333333333343,critical
620,674,"(22, 6)",17.533333333333335,18.566666666666666,1.0333333333333314,critical
620,674,"(22, 6)",17.633333333333333,18.566666666666666,0.9333333333333336,critical
674,620,"(22, 6)",19.133333333333333,19.566666666666666,0.43333333333333357,critical
674,769,"(22, 6)",19.133333333333333,21.066666666666666,1.9333333333333336,moderate
620,769,"(22, 6)",19.933333333333334,21.066666666666666,1.1333333333333329,critical
620,806,"(22, 6)",19.933333333333334,21.8,1.8666666666666671,moderate
769,806,"(22, 6)",21.066666666666666,21.8,0.7333333333333343,critical
781,856,"(22, 3)",24.5,24.633333333333333,0.13333333333333286,critical
781,856,"(22, 3)",24.5,24.7,0.1999999999999993,critical
781,923,"(22, 3)",24.5,25.333333333333332,0.8333333333333321,critical
781,856,"(22, 3)",24.633333333333333,24.7,0.06666666666666643,critical
781,923,"(22, 3)",24.633333333333333,25.333333333333332,0.6999999999999993,critical
856,923,"(22, 3)",24.633333333333333,25.333333333333332,0.6999999999999993,critical
856,781,"(22, 3)",24.633333333333333,25.366666666666667,0.7333333333333343,critical
856,923,"(22, 3)",24.766666666666666,25.333333333333332,0.5666666666666664,critical
856,781,"(22, 3)",24.766666666666666,25.366666666666667,0.6000000000000014,critical
923,781,"(22, 3)",25.333333333333332,25.366666666666667,0.03333333333333499,critical
923,1000,"(22, 3)",25.333333333333332,27.233333333333334,1.9000000000000021,moderate
781,1000,"(22, 3)",25.4,27.233333333333334,1.8333333333333357,moderate
856,886,"(21, 3)",23.4,24.066666666666666,0.6666666666666679,critical
856,620,"(21, 3)",24.6,25.433333333333334,0.8333333333333321,critical
856,620,"(21, 3)",24.6,25.566666666666666,0.966666666666665,critical
856,620,"(21, 3)",24.6,25.666666666666668,1.0666666666666664,critical
886,856,"(21, 3)",24.066666666666666,24.666666666666668,0.6000000000000014,critical
886,856,"(21, 3)",24.066666666666666,24.866666666666667,0.8000000000000007,critical
886,620,"(21, 3)",24.066666666666666,25.433333333333334,1.3666666666666671,critical
886,620,"(21, 3)",24.066666666666666,25.566666666666666,1.5,moderate
886,620,"(21, 3)",24.066666666666666,25.666666666666668,1.6000000000000014,moderate
856,620,"(21, 3)",24.666666666666668,25.433333333333334,0.7666666666666657,critical
856,620,"(21, 3)",24.666666666666668,25.566666666666666,0.8999999999999986,critical
856,620,"(21, 3)",24.666666666666668,25.666666666666668,1.0,critical
856,620,"(21, 3)",24.866666666666667,25.433333333333334,0.5666666666666664,critical
856,620,"(21, 3)",24.866666666666667,25.566666666666666,0.6999999999999993,critical
856,620,"(21, 3)",24.866666666666667,25.666666666666668,0.8000000000000007,critical
620,1000,"(21, 3)",25.466666666666665,27.2,1.7333333333333343,moderate
620,1000,"(21, 3)",25.466666666666665,27.266666666666666,1.8000000000000007,moderate
620,1000,"(21, 3)",25.6,27.2,1.5999999999999979,moderate
620,1000,"(21, 3)",25.6,27.266666666666666,1.6666666666666643,moderate
620,1000,"(21, 3)",25.666666666666668,27.2,1.5333333333333314,moderate
620,1000,"(21, 3)",25.666666666666668,27.266666666666666,1.5999999999999979,moderate
1061,1066,"(21, 3)",29.366666666666667,29.666666666666668,0.3000000000000007,critical
1734,1947,"(21, 3)",60.3,60.833333333333336,0.5333333333333385,critical
620,781,"(20, 4)",25.266666666666666,27.133333333333333,1.8666666666666671,moderate
620,781,"(20, 4)",25.266666666666666,27.2,1.9333333333333336,moderate
620,781,"(20, 4)",25.533333333333335,27.133333333333333,1.5999999999999979,moderate
620,781,"(20, 4)",25.533333333333335,27.2,1.6666666666666643,moderate
620,781,"(20, 4)",25.533333333333335,27.333333333333332,1.7999999999999972,moderate
158,91,"(18, 4)",3.8,4.8,1.0,critical
1734,1724,"(17, 4)",57.46666666666667,59.03333333333333,1.5666666666666629,moderate
1734,1724,"(17, 4)",57.9,59.03333333333333,1.1333333333333329,critical
268,353,"(13, 8)",11.233333333333333,13.233333333333333,2.0,moderate
268,353,"(13, 8)",12.0,13.233333333333333,1.2333333333333325,critical
268,353,"(13, 8)",12.0,13.333333333333334,1.333333333333334,critical
268,353,"(13, 8)",12.0,13.566666666666666,1.5666666666666664,moderate
268,353,"(13, 8)",12.0,13.866666666666667,1.8666666666666671,moderate
268,353,"(13, 8)",12.2,13.233333333333333,1.0333333333333332,critical
268,353,"(13, 8)",12.2,13.333333333333334,1.1333333333333346,critical
268,353,"(13, 8)",12.2,13.566666666666666,1.3666666666666671,critical
268,353,"(13, 8)",12.2,13.866666666666667,1.6666666666666679,moderate
268,353,"(13, 8)",12.5,13.233333333333333,0.7333333333333325,critical
268,353,"(13, 8)",12.5,13.333333333333334,0.8333333333333339,critical
268,353,"(13, 8)",12.5,13.566666666666666,1.0666666666666664,critical
268,353,"(13, 8)",12.5,13.866666666666667,1.3666666666666671,critical
93,327,"(13, 14)",7.033333333333333,8.8,1.7666666666666675,moderate
93,327,"(13, 14)",7.666666666666667,8.8,1.1333333333333337,critical
93,327,"(13, 14)",7.666666666666667,9.566666666666666,1.8999999999999995,moderate
327,510,"(13, 14)",13.2,15.166666666666666,1.9666666666666668,moderate
327,510,"(13, 14)",13.433333333333334,15.166666666666666,1.7333333333333325,moderate
1294,1409,"(13, 14)",38.6,40.56666666666667,1.9666666666666686,moderate
1540,1716,"(13, 14)",51.1,53.03333333333333,1.93333333333333,moderate
1683,1691,"(7, 3)",52.03333333333333,52.2,0.1666666666666714,critical
492,708,"(9, 4)",18.866666666666667,19.433333333333334,0.5666666666666664,critical
708,492,"(9, 4)",19.5,19.566666666666666,0.06666666666666643,critical
1587,1684,"(9, 4)",50.333333333333336,52.2,1.8666666666666671,moderate
1587,1684,"(9, 4)",50.666666666666664,52.2,1.5333333333333385,moderate
1587,1684,"(9, 4)",51.1,52.2,1.1000000000000014,critical
1684,1691,"(9, 4)",52.2,53.5,1.2999999999999972,critical
1684,1691,"(9, 4)",52.2,53.766666666666666,1.5666666666666629,moderate
268,353,"(12, 8)",12.066666666666666,13.833333333333334,1.7666666666666675,moderate
268,353,"(12, 8)",12.233333333333333,13.833333333333334,1.6000000000000014,moderate
155,175,"(25, 1)",3.8,4.133333333333334,0.3333333333333339,critical
448,507,"(6, 3)",13.966666666666667,15.133333333333333,1.166666666666666,critical
294,159,"(9, 5)",8.133333333333333,8.2,0.06666666666666643,critical
294,159,"(9, 5)",8.133333333333333,9.0,0.8666666666666671,critical
294,159,"(9, 5)",8.133333333333333,9.1,0.9666666666666668,critical
294,159,"(9, 5)",8.133333333333333,9.166666666666666,1.0333333333333332,critical
268,159,"(10, 5)",7.133333333333334,8.933333333333334,1.7999999999999998,moderate
268,159,"(10, 5)",7.133333333333334,9.033333333333333,1.8999999999999995,moderate
268,159,"(10, 5)",7.133333333333334,9.133333333333333,1.9999999999999991,moderate
1724,1691,"(10, 5)",54.06666666666667,55.733333333333334,1.6666666666666643,moderate
250,492,"(16, 5)",14.033333333333333,14.633333333333333,0.5999999999999996,critical
250,492,"(16, 5)",14.533333333333333,14.633333333333333,0.09999999999999964,critical
250,492,"(15, 5)",14.966666666666667,15.0,0.033333333333333215,critical
250,492,"(15, 5)",14.966666666666667,15.666666666666666,0.6999999999999993,critical
250,492,"(15, 5)",14.966666666666667,16.1,1.1333333333333346,critical
492,579,"(15, 5)",15.333333333333334,17.266666666666666,1.9333333333333318,moderate
492,579,"(15, 5)",15.7,17.266666666666666,1.5666666666666664,moderate
492,579,"(15, 5)",16.1,17.266666666666666,1.1666666666666643,critical
250,492,"(14, 5)",15.233333333333333,15.366666666666667,0.13333333333333464,critical
250,492,"(14, 5)",15.233333333333333,15.733333333333333,0.5,critical
250,492,"(14, 5)",15.233333333333333,15.9,0.6666666666666679,critical
250,492,"(14, 5)",15.233333333333333,16.133333333333333,0.9000000000000004,critical
250,579,"(14, 5)",15.233333333333333,16.933333333333334,1.700000000000001,moderate
492,579,"(14, 5)",15.633333333333333,16.933333333333334,1.3000000000000007,critical
492,579,"(14, 5)",15.833333333333334,16.933333333333334,1.0999999999999996,critical
492,579,"(14, 5)",16.0,16.933333333333334,0.9333333333333336,critical
492,579,"(14, 5)",16.5,16.933333333333334,0.43333333333333357,critical
1724,1691,"(11, 5)",54.4,56.166666666666664,1.7666666666666657,moderate
1724,1691,"(11, 5)",54.4,56.266666666666666,1.8666666666666671,moderate
1724,1691,"(11, 5)",55.13333333333333,56.166666666666664,1.0333333333333314,critical
1724,1691,"(11, 5)",55.13333333333333,56.266666666666666,1.1333333333333329,critical
268,353,"(12, 7)",9.733333333333333,11.533333333333333,1.8000000000000007,moderate
268,353,"(12, 7)",9.733333333333333,11.733333333333333,2.0,moderate
268,353,"(13, 7)",10.666666666666666,12.6,1.9333333333333336,moderate
268,353,"(13, 7)",11.1,12.6,1.5,moderate
268,353,"(13, 7)",11.1,12.733333333333333,1.6333333333333329,moderate
268,353,"(13, 7)",11.1,12.833333333333334,1.7333333333333343,moderate
268,353,"(13, 7)",11.1,13.0,1.9000000000000004,moderate
268,353,"(13, 7)",11.3,12.6,1.299999999999999,critical
268,353,"(13, 7)",11.3,12.733333333333333,1.4333333333333318,critical
268,353,"(13, 7)",11.3,12.833333333333334,1.5333333333333332,moderate
268,353,"(13, 7)",11.3,13.0,1.6999999999999993,moderate
268,353,"(13, 7)",11.3,13.266666666666667,1.9666666666666668,moderate
1724,1691,"(12, 5)",56.0,57.03333333333333,1.0333333333333314,critical
386,429,"(20, 13)",11.966666666666667,13.5,1.5333333333333332,moderate
853,888,"(20, 13)",23.266666666666666,24.3,1.033333333333335,critical
853,888,"(20, 13)",23.566666666666666,24.3,0.7333333333333343,critical
425,429,"(20, 12)",13.333333333333334,13.9,0.5666666666666664,critical
425,429,"(20, 12)",13.333333333333334,14.466666666666667,1.1333333333333329,critical
425,429,"(20, 12)",13.333333333333334,14.966666666666667,1.6333333333333329,moderate
425,467,"(18, 13)",13.433333333333334,13.966666666666667,0.5333333333333332,critical
425,429,"(18, 13)",13.433333333333334,14.1,0.6666666666666661,critical
425,429,"(18, 13)",13.433333333333334,14.533333333333333,1.0999999999999996,critical
467,429,"(18, 13)",14.066666666666666,14.1,0.033333333333333215,critical
467,429,"(18, 13)",14.066666666666666,14.533333333333333,0.4666666666666668,critical
1718,1831,"(19, 12)",55.13333333333333,56.766666666666666,1.6333333333333329,moderate
1724,1691,"(13, 5)",56.06666666666667,57.733333333333334,1.6666666666666643,moderate
1724,1691,"(13, 5)",56.13333333333333,57.733333333333334,1.6000000000000014,moderate
1724,1691,"(13, 5)",56.43333333333333,57.733333333333334,1.3000000000000043,critical
1724,1691,"(13, 5)",56.666666666666664,57.733333333333334,1.06666666666667,critical
856,620,"(20, 3)",23.466666666666665,25.4,1.9333333333333336,moderate
779,879,"(19, 9)",22.5,24.133333333333333,1.6333333333333329,moderate
977,1054,"(19, 9)",28.033333333333335,29.633333333333333,1.5999999999999979,moderate
1371,1399,"(19, 9)",40.266666666666666,40.833333333333336,0.56666666666667,critical
779,879,"(18, 9)",22.966666666666665,24.266666666666666,1.3000000000000007,critical
977,1054,"(18, 9)",28.6,29.933333333333334,1.3333333333333321,critical
1371,1399,"(18, 9)",40.53333333333333,41.06666666666667,0.5333333333333385,critical
696,710,"(4, 5)",19.233333333333334,19.433333333333334,0.1999999999999993,critical
696,710,"(4, 5)",19.233333333333334,19.566666666666666,0.33333333333333215,critical
977,1045,"(22, 10)",26.9,28.9,2.0,moderate
1045,1054,"(22, 10)",28.9,29.1,0.20000000000000284,critical
977,1054,"(21, 10)",27.333333333333332,29.133333333333333,1.8000000000000007,moderate
779,879,"(20, 10)",22.166666666666668,23.966666666666665,1.7999999999999972,moderate
977,1054,"(20, 10)",27.366666666666667,29.366666666666667,2.0,moderate
779,879,"(19, 10)",22.266666666666666,24.033333333333335,1.7666666666666693,moderate
1244,1395,"(14, 6)",39.6,40.266666666666666,0.6666666666666643,critical
1244,1395,"(14, 6)",40.166666666666664,40.266666666666666,0.10000000000000142,critical
1746,1734,"(14, 4)",53.96666666666667,55.13333333333333,1.1666666666666643,critical
1746,1734,"(14, 4)",53.96666666666667,55.2,1.2333333333333343,critical
1746,1734,"(14, 4)",53.96666666666667,55.7,1.7333333333333343,moderate
1746,1734,"(14, 4)",53.96666666666667,55.96666666666667,2.0,moderate
1746,1734,"(14, 4)",54.266666666666666,55.13333333333333,0.8666666666666671,critical
1746,1734,"(14, 4)",54.266666666666666,55.2,0.9333333333333371,critical
1746,1734,"(14, 4)",54.266666666666666,55.7,1.4333333333333371,critical
1746,1734,"(14, 4)",54.266666666666666,55.96666666666667,1.7000000000000028,moderate
1734,1724,"(14, 4)",55.13333333333333,56.53333333333333,1.3999999999999986,critical
1734,1724,"(14, 4)",55.13333333333333,56.86666666666667,1.7333333333333343,moderate
1734,1724,"(14, 4)",55.63333333333333,56.53333333333333,0.8999999999999986,critical
1734,1724,"(14, 4)",55.63333333333333,56.86666666666667,1.2333333333333343,critical
1734,1724,"(14, 4)",55.733333333333334,56.53333333333333,0.7999999999999972,critical
1734,1724,"(14, 4)",55.733333333333334,56.86666666666667,1.1333333333333329,critical
1734,1724,"(14, 4)",56.166666666666664,56.53333333333333,0.36666666666666714,critical
1734,1724,"(14, 4)",56.166666666666664,56.86666666666667,0.7000000000000028,critical
1746,1734,"(15, 4)",53.9,55.666666666666664,1.7666666666666657,moderate
1746,1734,"(15, 4)",53.9,55.766666666666666,1.8666666666666671,moderate
1734,1724,"(15, 4)",55.666666666666664,57.333333333333336,1.6666666666666714,moderate
1734,1724,"(15, 4)",55.93333333333333,57.333333333333336,1.4000000000000057,critical
1734,1724,"(15, 4)",56.766666666666666,57.333333333333336,0.56666666666667,critical
1592,1602,"(23, 14)",48.36666666666667,48.6,0.23333333333333428,critical
1592,1602,"(23, 14)",48.36666666666667,48.766666666666666,0.3999999999999986,critical
1592,1602,"(23, 14)",48.63333333333333,48.766666666666666,0.13333333333333286,critical
1602,1592,"(23, 14)",48.63333333333333,48.766666666666666,0.13333333333333286,critical
1602,1592,"(23, 14)",48.63333333333333,48.93333333333333,0.29999999999999716,critical
1602,1592,"(23, 14)",48.63333333333333,49.266666666666666,0.6333333333333329,critical
1602,1592,"(23, 14)",48.766666666666666,48.93333333333333,0.1666666666666643,critical
1602,1592,"(23, 14)",48.766666666666666,49.266666666666666,0.5,critical
1592,1602,"(24, 14)",48.5,48.666666666666664,0.1666666666666643,critical
1602,1592,"(24, 14)",48.733333333333334,48.86666666666667,0.13333333333333286,critical
1602,1592,"(24, 14)",48.733333333333334,48.96666666666667,0.23333333333333428,critical
1602,1592,"(24, 14)",48.733333333333334,49.93333333333333,1.1999999999999957,critical
1592,1688,"(23, 13)",50.4,52.13333333333333,1.7333333333333343,moderate
1592,1688,"(23, 13)",50.4,52.36666666666667,1.9666666666666686,moderate
1592,1688,"(23, 13)",50.63333333333333,52.13333333333333,1.5,moderate
1592,1688,"(23, 13)",50.63333333333333,52.36666666666667,1.7333333333333343,moderate
1592,1688,"(23, 13)",50.9,52.13333333333333,1.2333333333333343,critical
1592,1688,"(23, 13)",50.9,52.36666666666667,1.4666666666666686,critical
1592,1688,"(23, 13)",51.0,52.13333333333333,1.1333333333333329,critical
1592,1688,"(23, 13)",51.0,52.36666666666667,1.3666666666666671,critical
1734,1724,"(11, 4)",53.7,54.43333333333333,0.7333333333333272,critical
1734,1724,"(13, 4)",55.166666666666664,56.1,0.9333333333333371,critical
1734,1724,"(13, 4)",55.166666666666664,56.2,1.0333333333333385,critical
1734,1724,"(13, 4)",55.166666666666664,56.46666666666667,1.3000000000000043,critical
1734,1724,"(13, 4)",55.166666666666664,56.6,1.4333333333333371,critical
1734,1724,"(13, 4)",55.166666666666664,56.7,1.5333333333333385,moderate
1734,1724,"(12, 4)",54.4,56.166666666666664,1.7666666666666657,moderate
1734,1724,"(12, 4)",54.86666666666667,56.166666666666664,1.2999999999999972,critical
1734,1724,"(16, 4)",57.333333333333336,58.36666666666667,1.0333333333333314,critical
1774,1791,"(5, 4)",55.2,55.666666666666664,0.46666666666666146,critical
1774,1800,"(5, 4)",55.2,56.03333333333333,0.8333333333333286,critical
1774,1827,"(5, 4)",55.2,56.666666666666664,1.4666666666666615,critical
1800,1827,"(5, 4)",56.06666666666667,56.666666666666664,0.5999999999999943,critical
1800,1860,"(5, 4)",56.06666666666667,57.8,1.7333333333333272,moderate
1827,1860,"(5, 4)",56.666666666666664,57.8,1.1333333333333329,critical
