event_id,pet,frame,track_a,track_b,conflict_type,world_traj_i,world_traj_j
0,0.2999247142079477,,27,3,CELL_U_2,"[(0.0, 730910.375, 222006.6875), (0.033324968245327526, 730910.375, 222006.6875), (0.06664993649065505, 730910.375, 222006.6875), (0.09997490473598257, 730910.375, 222006.6875), (0.1332998729813101, 730910.375, 222006.6875), (0.16662484122663762, 730910.375, 222006.703125), (0.19994980947196514, 730910.375, 222006.703125), (0.2332747777172927, 730910.375, 222006.671875), (0.2665997459626202, 730910.375, 222006.671875), (0.2999247142079477, 730910.3125, 222006.671875)]","[(0.5998494284158954, 730910.25, 222006.671875), (0.633174396661223, 730910.1875, 222006.65625), (0.6664993649065505, 730910.1875, 222006.65625), (0.699824333151878, 730910.1875, 222006.65625)]"
1,0.4332245871892579,,4,8,CELL_Y_1,"[(0.0, 730910.1875, 222006.90625), (0.033324968245327526, 730910.1875, 222006.90625), (0.06664993649065505, 730910.25, 222006.90625), (0.09997490473598257, 730910.25, 222006.890625), (0.1332998729813101, 730910.1875, 222006.890625), (0.16662484122663762, 730910.25, 222006.921875), (0.19994980947196514, 730910.1875, 222006.890625), (0.2332747777172927, 730910.1875, 222006.890625), (0.2665997459626202, 730910.25, 222006.90625), (0.2999247142079477, 730910.3125, 222006.90625), (0.33324968245327524, 730910.3125, 222006.90625), (0.3665746506986028, 730910.25, 222006.875), (0.3998996189439303, 730910.3125, 222006.890625), (0.4332245871892578, 730910.25, 222006.875), (0.4665495554345854, 730910.3125, 222006.890625), (0.49987452367991286, 730910.25, 222006.890625)]","[(0.9330991108691707, 730910.1875, 222006.953125), (0.9664240791144982, 730910.125, 222006.921875)]"
2,0.19994980947196514,,5,41,CELL_D_1,"[(0.0, 730909.875, 222005.75), (0.033324968245327526, 730910.0, 222005.75), (0.06664993649065505, 730910.0, 222005.765625), (0.09997490473598257, 730910.0, 222005.765625), (0.1332998729813101, 730909.9375, 222005.765625), (0.16662484122663762, 730909.9375, 222005.734375), (0.19994980947196514, 730909.9375, 222005.75)]","[(0.3998996189439303, 730909.875, 222005.71875), (0.4332245871892578, 730909.875, 222005.703125), (0.4665495554345854, 730909.8125, 222005.703125), (0.49987452367991286, 730909.8125, 222005.703125), (0.5665244601705679, 730909.875, 222005.71875), (0.5998494284158954, 730909.875, 222005.703125), (0.633174396661223, 730909.9375, 222005.71875), (0.6664993649065505, 730909.8125, 222005.703125), (0.699824333151878, 730909.8125, 222005.703125)]"
3,0.09997490473598256,,5,70,CELL_D_1,"[(0.0, 730909.875, 222005.75), (0.033324968245327526, 730910.0, 222005.75), (0.06664993649065505, 730910.0, 222005.765625), (0.09997490473598257, 730910.0, 222005.765625), (0.1332998729813101, 730909.9375, 222005.765625), (0.16662484122663762, 730909.9375, 222005.734375), (0.19994980947196514, 730909.9375, 222005.75)]","[(0.2999247142079477, 730909.875, 222005.703125), (0.33324968245327524, 730909.8125, 222005.6875), (0.3665746506986028, 730909.875, 222005.703125), (0.3998996189439303, 730909.8125, 222005.703125), (0.4332245871892578, 730909.875, 222005.703125), (0.4665495554345854, 730909.8125, 222005.6875), (0.49987452367991286, 730909.875, 222005.71875), (0.5331994919252404, 730909.875, 222005.703125), (0.5665244601705679, 730909.875, 222005.734375), (0.5998494284158954, 730909.8125, 222005.71875), (0.633174396661223, 730909.875, 222005.75), (0.6664993649065505, 730909.875, 222005.703125)]"
4,0.16662484122663765,,5,74,CELL_D_1,"[(0.0, 730909.875, 222005.75), (0.033324968245327526, 730910.0, 222005.75), (0.06664993649065505, 730910.0, 222005.765625), (0.09997490473598257, 730910.0, 222005.765625), (0.1332998729813101, 730909.9375, 222005.765625), (0.16662484122663762, 730909.9375, 222005.734375), (0.19994980947196514, 730909.9375, 222005.75)]","[(0.3665746506986028, 730909.875, 222005.703125), (0.3998996189439303, 730909.8125, 222005.6875), (0.4332245871892578, 730909.8125, 222005.703125), (0.4665495554345854, 730909.875, 222005.703125), (0.49987452367991286, 730909.8125, 222005.703125), (0.5331994919252404, 730909.875, 222005.703125), (0.5665244601705679, 730909.875, 222005.703125), (0.5998494284158954, 730909.875, 222005.703125), (0.633174396661223, 730909.875, 222005.71875), (0.6664993649065505, 730909.875, 222005.703125), (0.699824333151878, 730909.875, 222005.71875), (0.7331493013972056, 730909.875, 222005.71875), (0.7664742696425331, 730909.8125, 222005.71875), (0.7997992378878606, 730909.875, 222005.71875), (0.8331242061331882, 730909.9375, 222005.734375), (0.8664491743785157, 730909.875, 222005.703125), (0.8997741426238431, 730909.875, 222005.71875), (0.9330991108691707, 730909.875, 222005.734375), (0.9664240791144982, 730909.875, 222005.71875)]"
5,0.7331493013972056,,5,88,CELL_D_1,"[(0.0, 730909.875, 222005.75), (0.033324968245327526, 730910.0, 222005.75), (0.06664993649065505, 730910.0, 222005.765625), (0.09997490473598257, 730910.0, 222005.765625), (0.1332998729813101, 730909.9375, 222005.765625), (0.16662484122663762, 730909.9375, 222005.734375), (0.19994980947196514, 730909.9375, 222005.75)]","[(0.9330991108691707, 730909.9375, 222005.734375), (0.9664240791144982, 730909.9375, 222005.75)]"
6,0.23327477771729277,,41,88,CELL_D_1,"[(0.3998996189439303, 730909.875, 222005.71875), (0.4332245871892578, 730909.875, 222005.703125), (0.4665495554345854, 730909.8125, 222005.703125), (0.49987452367991286, 730909.8125, 222005.703125), (0.5665244601705679, 730909.875, 222005.71875), (0.5998494284158954, 730909.875, 222005.703125), (0.633174396661223, 730909.9375, 222005.71875), (0.6664993649065505, 730909.8125, 222005.703125), (0.699824333151878, 730909.8125, 222005.703125)]","[(0.9330991108691707, 730909.9375, 222005.734375), (0.9664240791144982, 730909.9375, 222005.75)]"
7,0.26659974596262026,,70,88,CELL_D_1,"[(0.2999247142079477, 730909.875, 222005.703125), (0.33324968245327524, 730909.8125, 222005.6875), (0.3665746506986028, 730909.875, 222005.703125), (0.3998996189439303, 730909.8125, 222005.703125), (0.4332245871892578, 730909.875, 222005.703125), (0.4665495554345854, 730909.8125, 222005.6875), (0.49987452367991286, 730909.875, 222005.71875), (0.5331994919252404, 730909.875, 222005.703125), (0.5665244601705679, 730909.875, 222005.734375), (0.5998494284158954, 730909.8125, 222005.71875), (0.633174396661223, 730909.875, 222005.75), (0.6664993649065505, 730909.875, 222005.703125)]","[(0.9330991108691707, 730909.9375, 222005.734375), (0.9664240791144982, 730909.9375, 222005.75)]"
8,0.09997490473598258,,5,91,CELL_E_1,"[(0.2332747777172927, 730910.0, 222005.78125), (0.2665997459626202, 730909.9375, 222005.75), (0.2999247142079477, 730910.0, 222005.75), (0.33324968245327524, 730910.0, 222005.78125), (0.3665746506986028, 730909.9375, 222005.75), (0.3998996189439303, 730910.0, 222005.765625), (0.4332245871892578, 730910.0, 222005.765625), (0.4665495554345854, 730910.0, 222005.765625), (0.49987452367991286, 730910.0, 222005.765625), (0.5331994919252404, 730910.0, 222005.765625), (0.5665244601705679, 730910.0, 222005.765625), (0.5998494284158954, 730909.9375, 222005.765625), (0.633174396661223, 730910.0625, 222005.78125), (0.6664993649065505, 730910.0625, 222005.78125), (0.699824333151878, 730910.0625, 222005.78125), (0.7331493013972056, 730910.0625, 222005.78125), (0.7664742696425331, 730910.0, 222005.78125), (0.7997992378878606, 730910.0625, 222005.78125), (0.8331242061331882, 730910.0, 222005.796875), (0.8664491743785157, 730909.9375, 222005.765625)]","[(0.9664240791144982, 730910.0, 222005.75)]"
9,0.06664993649065505,,10,10,CELL_D_3,"[(0.0, 730910.3125, 222005.734375), (0.033324968245327526, 730910.3125, 222005.75), (0.06664993649065505, 730910.3125, 222005.75), (0.09997490473598257, 730910.3125, 222005.75)]","[(0.16662484122663762, 730910.3125, 222005.765625), (0.19994980947196514, 730910.3125, 222005.765625), (0.2332747777172927, 730910.25, 222005.765625)]"
10,0.6664993649065505,,12,14,CELL_L_5,"[(0.0, 730910.5625, 222006.1875), (0.033324968245327526, 730910.625, 222006.203125), (0.06664993649065505, 730910.5625, 222006.21875), (0.09997490473598257, 730910.625, 222006.21875)]","[(0.7664742696425331, 730910.5625, 222006.21875), (0.7997992378878606, 730910.625, 222006.203125), (0.8331242061331882, 730910.625, 222006.21875), (0.8664491743785157, 730910.625, 222006.21875), (0.8997741426238431, 730910.625, 222006.203125), (0.9330991108691707, 730910.625, 222006.203125), (0.9664240791144982, 730910.625, 222006.203125)]"
11,0.6664993649065505,,12,72,CELL_L_5,"[(0.0, 730910.5625, 222006.1875), (0.033324968245327526, 730910.625, 222006.203125), (0.06664993649065505, 730910.5625, 222006.21875), (0.09997490473598257, 730910.625, 222006.21875)]","[(0.7664742696425331, 730910.5625, 222006.203125)]"
12,0.8331242061331882,,12,72,CELL_L_5,"[(0.0, 730910.5625, 222006.1875), (0.033324968245327526, 730910.625, 222006.203125), (0.06664993649065505, 730910.5625, 222006.21875), (0.09997490473598257, 730910.625, 222006.21875)]","[(0.9330991108691707, 730910.625, 222006.203125), (0.9664240791144982, 730910.625, 222006.203125)]"
13,0.3998996189439303,,63,14,CELL_L_5,"[(0.09997490473598257, 730910.6875, 222006.203125), (0.1332998729813101, 730910.625, 222006.203125), (0.16662484122663762, 730910.625, 222006.171875), (0.19994980947196514, 730910.6875, 222006.1875), (0.2332747777172927, 730910.625, 222006.171875), (0.2665997459626202, 730910.625, 222006.171875), (0.2999247142079477, 730910.6875, 222006.1875), (0.33324968245327524, 730910.6875, 222006.1875), (0.3665746506986028, 730910.6875, 222006.171875)]","[(0.7664742696425331, 730910.5625, 222006.21875), (0.7997992378878606, 730910.625, 222006.203125), (0.8331242061331882, 730910.625, 222006.21875), (0.8664491743785157, 730910.625, 222006.21875), (0.8997741426238431, 730910.625, 222006.203125), (0.9330991108691707, 730910.625, 222006.203125), (0.9664240791144982, 730910.625, 222006.203125)]"
14,0.3998996189439303,,63,72,CELL_L_5,"[(0.09997490473598257, 730910.6875, 222006.203125), (0.1332998729813101, 730910.625, 222006.203125), (0.16662484122663762, 730910.625, 222006.171875), (0.19994980947196514, 730910.6875, 222006.1875), (0.2332747777172927, 730910.625, 222006.171875), (0.2665997459626202, 730910.625, 222006.171875), (0.2999247142079477, 730910.6875, 222006.1875), (0.33324968245327524, 730910.6875, 222006.1875), (0.3665746506986028, 730910.6875, 222006.171875)]","[(0.7664742696425331, 730910.5625, 222006.203125)]"
15,0.5665244601705679,,63,72,CELL_L_5,"[(0.09997490473598257, 730910.6875, 222006.203125), (0.1332998729813101, 730910.625, 222006.203125), (0.16662484122663762, 730910.625, 222006.171875), (0.19994980947196514, 730910.6875, 222006.1875), (0.2332747777172927, 730910.625, 222006.171875), (0.2665997459626202, 730910.625, 222006.171875), (0.2999247142079477, 730910.6875, 222006.1875), (0.33324968245327524, 730910.6875, 222006.1875), (0.3665746506986028, 730910.6875, 222006.171875)]","[(0.9330991108691707, 730910.625, 222006.203125), (0.9664240791144982, 730910.625, 222006.203125)]"
16,0.16662484122663768,,72,72,CELL_L_5,"[(0.7664742696425331, 730910.5625, 222006.203125)]","[(0.9330991108691707, 730910.625, 222006.203125), (0.9664240791144982, 730910.625, 222006.203125)]"
17,0.29992471420794775,,12,21,CELL_M_5,"[(0.1332998729813101, 730910.5625, 222006.21875), (0.16662484122663762, 730910.625, 222006.234375), (0.19994980947196514, 730910.5625, 222006.21875), (0.2332747777172927, 730910.5625, 222006.234375), (0.2665997459626202, 730910.625, 222006.234375), (0.2999247142079477, 730910.5625, 222006.25), (0.33324968245327524, 730910.5625, 222006.25)]","[(0.633174396661223, 730910.75, 222006.25), (0.6664993649065505, 730910.6875, 222006.25), (0.699824333151878, 730910.6875, 222006.25), (0.7331493013972056, 730910.75, 222006.25), (0.7664742696425331, 730910.6875, 222006.25), (0.7997992378878606, 730910.6875, 222006.234375), (0.8331242061331882, 730910.75, 222006.265625), (0.8664491743785157, 730910.6875, 222006.25), (0.8997741426238431, 730910.6875, 222006.25), (0.9330991108691707, 730910.75, 222006.25), (0.9664240791144982, 730910.6875, 222006.25)]"
18,0.29992471420794775,,12,58,CELL_M_5,"[(0.1332998729813101, 730910.5625, 222006.21875), (0.16662484122663762, 730910.625, 222006.234375), (0.19994980947196514, 730910.5625, 222006.21875), (0.2332747777172927, 730910.5625, 222006.234375), (0.2665997459626202, 730910.625, 222006.234375), (0.2999247142079477, 730910.5625, 222006.25), (0.33324968245327524, 730910.5625, 222006.25)]","[(0.633174396661223, 730910.75, 222006.265625), (0.6664993649065505, 730910.75, 222006.25), (0.699824333151878, 730910.75, 222006.25), (0.7331493013972056, 730910.75, 222006.265625), (0.7664742696425331, 730910.75, 222006.265625), (0.7997992378878606, 730910.6875, 222006.234375), (0.8331242061331882, 730910.75, 222006.25), (0.8664491743785157, 730910.6875, 222006.25), (0.8997741426238431, 730910.6875, 222006.25), (0.9330991108691707, 730910.6875, 222006.21875), (0.9664240791144982, 730910.6875, 222006.234375)]"
19,0.4665495554345853,,12,72,CELL_M_5,"[(0.1332998729813101, 730910.5625, 222006.21875), (0.16662484122663762, 730910.625, 222006.234375), (0.19994980947196514, 730910.5625, 222006.21875), (0.2332747777172927, 730910.5625, 222006.234375), (0.2665997459626202, 730910.625, 222006.234375), (0.2999247142079477, 730910.5625, 222006.25), (0.33324968245327524, 730910.5625, 222006.25)]","[(0.7997992378878606, 730910.625, 222006.265625), (0.8331242061331882, 730910.5625, 222006.25), (0.8664491743785157, 730910.5625, 222006.25), (0.8997741426238431, 730910.625, 222006.25)]"
20,0.06664993649065498,,14,72,CELL_M_5,"[(0.19994980947196514, 730910.6875, 222006.265625), (0.2332747777172927, 730910.6875, 222006.265625), (0.2665997459626202, 730910.6875, 222006.265625), (0.2999247142079477, 730910.6875, 222006.265625), (0.33324968245327524, 730910.625, 222006.25), (0.3665746506986028, 730910.625, 222006.25), (0.3998996189439303, 730910.625, 222006.25), (0.4332245871892578, 730910.6875, 222006.265625), (0.4665495554345854, 730910.625, 222006.234375), (0.49987452367991286, 730910.625, 222006.25), (0.5331994919252404, 730910.625, 222006.234375), (0.5665244601705679, 730910.6875, 222006.25), (0.5998494284158954, 730910.625, 222006.234375), (0.633174396661223, 730910.625, 222006.25), (0.6664993649065505, 730910.625, 222006.21875), (0.699824333151878, 730910.625, 222006.234375), (0.7331493013972056, 730910.5625, 222006.234375)]","[(0.7997992378878606, 730910.625, 222006.265625), (0.8331242061331882, 730910.5625, 222006.25), (0.8664491743785157, 730910.5625, 222006.25), (0.8997741426238431, 730910.625, 222006.25)]"
21,0.06664993649065498,,72,72,CELL_M_5,"[(0.33324968245327524, 730910.625, 222006.234375), (0.3665746506986028, 730910.625, 222006.265625), (0.3998996189439303, 730910.625, 222006.25), (0.4332245871892578, 730910.6875, 222006.265625), (0.4665495554345854, 730910.6875, 222006.265625), (0.49987452367991286, 730910.625, 222006.234375), (0.5331994919252404, 730910.625, 222006.234375), (0.5665244601705679, 730910.625, 222006.234375), (0.5998494284158954, 730910.625, 222006.234375), (0.633174396661223, 730910.625, 222006.234375), (0.6664993649065505, 730910.625, 222006.21875), (0.699824333151878, 730910.5625, 222006.21875), (0.7331493013972056, 730910.5625, 222006.234375)]","[(0.7997992378878606, 730910.625, 222006.265625), (0.8331242061331882, 730910.5625, 222006.25), (0.8664491743785157, 730910.5625, 222006.25), (0.8997741426238431, 730910.625, 222006.25)]"
22,0.6331743966612231,,15,12,CELL_O_4,"[(0.0, 730910.5, 222006.3125), (0.033324968245327526, 730910.5, 222006.328125), (0.06664993649065505, 730910.4375, 222006.328125), (0.09997490473598257, 730910.4375, 222006.34375), (0.1332998729813101, 730910.4375, 222006.34375), (0.16662484122663762, 730910.4375, 222006.34375), (0.19994980947196514, 730910.5, 222006.359375), (0.2332747777172927, 730910.4375, 222006.359375), (0.2665997459626202, 730910.5, 222006.375), (0.2999247142079477, 730910.4375, 222006.375)]","[(0.9330991108691707, 730910.5, 222006.328125), (0.9664240791144982, 730910.5625, 222006.34375)]"
23,0.4665495554345853,,13,23,CELL_B_4,"[(0.0, 730910.4375, 222005.640625), (0.033324968245327526, 730910.375, 222005.640625), (0.06664993649065505, 730910.375, 222005.640625), (0.09997490473598257, 730910.375, 222005.625), (0.1332998729813101, 730910.375, 222005.625)]","[(0.5998494284158954, 730910.375, 222005.671875), (0.633174396661223, 730910.4375, 222005.671875), (0.6664993649065505, 730910.3125, 222005.65625), (0.699824333151878, 730910.375, 222005.65625), (0.7331493013972056, 730910.3125, 222005.640625), (0.7664742696425331, 730910.3125, 222005.625), (0.7997992378878606, 730910.3125, 222005.625), (0.8331242061331882, 730910.375, 222005.625), (0.8664491743785157, 730910.3125, 222005.625), (0.8997741426238431, 730910.3125, 222005.609375), (0.9330991108691707, 730910.375, 222005.625)]"
24,0.33324968245327524,,13,23,CELL_A_4,"[(0.16662484122663762, 730910.3125, 222005.59375), (0.19994980947196514, 730910.3125, 222005.59375), (0.2332747777172927, 730910.375, 222005.59375), (0.2665997459626202, 730910.3125, 222005.578125), (0.2999247142079477, 730910.3125, 222005.59375), (0.33324968245327524, 730910.25, 222005.578125), (0.3665746506986028, 730910.375, 222005.609375), (0.3998996189439303, 730910.3125, 222005.578125), (0.4332245871892578, 730910.3125, 222005.578125), (0.4665495554345854, 730910.3125, 222005.578125), (0.49987452367991286, 730910.375, 222005.578125), (0.5331994919252404, 730910.3125, 222005.578125), (0.5665244601705679, 730910.3125, 222005.5625), (0.5998494284158954, 730910.3125, 222005.5625), (0.633174396661223, 730910.375, 222005.5625)]","[(0.9664240791144982, 730910.375, 222005.609375)]"
25,0.16662484122663757,,15,24,CELL_P_3,"[(0.3665746506986028, 730910.5, 222006.390625), (0.3998996189439303, 730910.4375, 222006.390625), (0.4332245871892578, 730910.4375, 222006.40625), (0.4665495554345854, 730910.4375, 222006.375), (0.49987452367991286, 730910.4375, 222006.40625), (0.5331994919252404, 730910.5, 222006.40625), (0.5665244601705679, 730910.4375, 222006.421875), (0.5998494284158954, 730910.4375, 222006.421875), (0.633174396661223, 730910.4375, 222006.421875), (0.6664993649065505, 730910.375, 222006.4375), (0.699824333151878, 730910.375, 222006.421875), (0.7331493013972056, 730910.4375, 222006.4375)]","[(0.8997741426238431, 730910.4375, 222006.390625), (0.9330991108691707, 730910.3125, 222006.375), (0.9664240791144982, 730910.375, 222006.390625)]"
26,0.1666248412266376,,18,69,CELL_I_4,"[(0.0, 730910.375, 222006.03125), (0.033324968245327526, 730910.4375, 222006.046875), (0.06664993649065505, 730910.375, 222006.046875), (0.09997490473598257, 730910.375, 222006.03125), (0.1332998729813101, 730910.4375, 222006.046875)]","[(0.2999247142079477, 730910.5625, 222006.046875)]"
27,0.2332747777172927,,18,69,CELL_I_4,"[(0.0, 730910.375, 222006.03125), (0.033324968245327526, 730910.4375, 222006.046875), (0.06664993649065505, 730910.375, 222006.046875), (0.09997490473598257, 730910.375, 222006.03125), (0.1332998729813101, 730910.4375, 222006.046875)]","[(0.3665746506986028, 730910.5, 222006.015625), (0.3998996189439303, 730910.5625, 222006.046875)]"
28,0.6998243331518781,,18,69,CELL_I_4,"[(0.0, 730910.375, 222006.03125), (0.033324968245327526, 730910.4375, 222006.046875), (0.06664993649065505, 730910.375, 222006.046875), (0.09997490473598257, 730910.375, 222006.03125), (0.1332998729813101, 730910.4375, 222006.046875)]","[(0.8331242061331882, 730910.5, 222006.03125)]"
29,0.09997490473598258,,49,69,CELL_I_4,"[(0.0, 730910.5, 222006.0625), (0.033324968245327526, 730910.5, 222006.046875), (0.06664993649065505, 730910.5, 222006.046875), (0.09997490473598257, 730910.5625, 222006.046875), (0.1332998729813101, 730910.4375, 222006.046875), (0.16662484122663762, 730910.5625, 222006.046875), (0.19994980947196514, 730910.5, 222006.0625), (0.2332747777172927, 730910.5, 222006.03125), (0.2665997459626202, 730910.5, 222006.03125), (0.2999247142079477, 730910.5, 222006.03125), (0.33324968245327524, 730910.5625, 222006.046875), (0.3665746506986028, 730910.5, 222006.046875), (0.3998996189439303, 730910.4375, 222006.03125), (0.4332245871892578, 730910.5, 222006.015625), (0.4665495554345854, 730910.5, 222006.046875), (0.49987452367991286, 730910.5, 222006.03125), (0.5331994919252404, 730910.5625, 222006.046875), (0.5665244601705679, 730910.5, 222006.03125), (0.5998494284158954, 730910.5625, 222006.03125), (0.633174396661223, 730910.5, 222006.015625), (0.6664993649065505, 730910.5, 222006.03125), (0.699824333151878, 730910.4375, 222006.015625), (0.7331493013972056, 730910.4375, 222006.03125)]","[(0.8331242061331882, 730910.5, 222006.03125)]"
30,0.06664993649065509,,69,69,CELL_I_4,"[(0.2999247142079477, 730910.5625, 222006.046875)]","[(0.3665746506986028, 730910.5, 222006.015625), (0.3998996189439303, 730910.5625, 222006.046875)]"
31,0.5331994919252405,,69,69,CELL_I_4,"[(0.2999247142079477, 730910.5625, 222006.046875)]","[(0.8331242061331882, 730910.5, 222006.03125)]"
32,0.4332245871892579,,69,69,CELL_I_4,"[(0.3665746506986028, 730910.5, 222006.015625), (0.3998996189439303, 730910.5625, 222006.046875)]","[(0.8331242061331882, 730910.5, 222006.03125)]"
33,0.36657465069860273,,20,21,CELL_M_6,"[(0.0, 730910.75, 222006.234375), (0.033324968245327526, 730910.75, 222006.21875)]","[(0.3998996189439303, 730910.75, 222006.28125), (0.4332245871892578, 730910.75, 222006.28125), (0.4665495554345854, 730910.75, 222006.265625), (0.49987452367991286, 730910.75, 222006.28125), (0.5331994919252404, 730910.75, 222006.265625), (0.5665244601705679, 730910.75, 222006.28125), (0.5998494284158954, 730910.6875, 222006.265625)]"
34,0.36657465069860273,,20,58,CELL_M_6,"[(0.0, 730910.75, 222006.234375), (0.033324968245327526, 730910.75, 222006.21875)]","[(0.3998996189439303, 730910.8125, 222006.28125), (0.4332245871892578, 730910.75, 222006.28125), (0.4665495554345854, 730910.75, 222006.265625), (0.49987452367991286, 730910.75, 222006.265625), (0.5331994919252404, 730910.75, 222006.265625), (0.5665244601705679, 730910.75, 222006.265625), (0.5998494284158954, 730910.75, 222006.25)]"
35,0.13329987298131007,,25,62,CELL_C_2,"[(0.2999247142079477, 730910.0, 222005.703125), (0.33324968245327524, 730910.0625, 222005.71875), (0.3665746506986028, 730909.9375, 222005.703125)]","[(0.49987452367991286, 730909.9375, 222005.6875)]"
36,0.09997490473598258,,62,62,CELL_C_2,"[(0.33324968245327524, 730910.0625, 222005.71875), (0.3665746506986028, 730910.0, 222005.703125), (0.3998996189439303, 730909.9375, 222005.6875)]","[(0.49987452367991286, 730909.9375, 222005.6875)]"
37,0.03332496824532749,,41,25,CELL_C_1,"[(0.0, 730909.875, 222005.6875), (0.033324968245327526, 730909.875, 222005.6875)]","[(0.3998996189439303, 730910.0, 222005.6875), (0.4332245871892578, 730910.0, 222005.6875), (0.4665495554345854, 730909.9375, 222005.6875), (0.49987452367991286, 730910.0, 222005.703125), (0.5331994919252404, 730910.0, 222005.703125), (0.5665244601705679, 730909.9375, 222005.6875), (0.5998494284158954, 730910.0, 222005.703125), (0.633174396661223, 730910.0, 222005.703125), (0.6664993649065505, 730910.0, 222005.703125), (0.699824333151878, 730909.9375, 222005.671875), (0.7331493013972056, 730909.9375, 222005.6875), (0.7664742696425331, 730910.0, 222005.6875), (0.7997992378878606, 730909.9375, 222005.6875), (0.8331242061331882, 730910.0, 222005.6875), (0.8664491743785157, 730909.875, 222005.671875), (0.8997741426238431, 730909.875, 222005.671875), (0.9330991108691707, 730910.0, 222005.6875), (0.9664240791144982, 730910.0, 222005.6875)]"
38,0.06664993649065504,,41,62,CELL_C_1,"[(0.0, 730909.875, 222005.6875), (0.033324968245327526, 730909.875, 222005.6875)]","[(0.4332245871892578, 730909.9375, 222005.6875), (0.4665495554345854, 730910.0, 222005.703125)]"
39,0.16662484122663762,,41,62,CELL_C_1,"[(0.0, 730909.875, 222005.6875), (0.033324968245327526, 730909.875, 222005.6875)]","[(0.5331994919252404, 730909.9375, 222005.703125), (0.5665244601705679, 730910.0, 222005.703125), (0.5998494284158954, 730910.0, 222005.6875)]"
40,0.5998494284158955,,41,90,CELL_C_1,"[(0.0, 730909.875, 222005.6875), (0.033324968245327526, 730909.875, 222005.6875)]","[(0.9664240791144982, 730909.9375, 222005.6875)]"
41,0.06664993649065504,,62,62,CELL_C_1,"[(0.4332245871892578, 730909.9375, 222005.6875), (0.4665495554345854, 730910.0, 222005.703125)]","[(0.5331994919252404, 730909.9375, 222005.703125), (0.5665244601705679, 730910.0, 222005.703125), (0.5998494284158954, 730910.0, 222005.6875)]"
42,0.49987452367991286,,62,90,CELL_C_1,"[(0.4332245871892578, 730909.9375, 222005.6875), (0.4665495554345854, 730910.0, 222005.703125)]","[(0.9664240791144982, 730909.9375, 222005.6875)]"
43,0.36657465069860284,,62,90,CELL_C_1,"[(0.5331994919252404, 730909.9375, 222005.703125), (0.5665244601705679, 730910.0, 222005.703125), (0.5998494284158954, 730910.0, 222005.6875)]","[(0.9664240791144982, 730909.9375, 222005.6875)]"
44,0.13329987298131007,,70,25,CELL_C_1,"[(0.19994980947196514, 730909.9375, 222005.703125), (0.2332747777172927, 730909.875, 222005.703125), (0.2665997459626202, 730909.875, 222005.703125)]","[(0.3998996189439303, 730910.0, 222005.6875), (0.4332245871892578, 730910.0, 222005.6875), (0.4665495554345854, 730909.9375, 222005.6875), (0.49987452367991286, 730910.0, 222005.703125), (0.5331994919252404, 730910.0, 222005.703125), (0.5665244601705679, 730909.9375, 222005.6875), (0.5998494284158954, 730910.0, 222005.703125), (0.633174396661223, 730910.0, 222005.703125), (0.6664993649065505, 730910.0, 222005.703125), (0.699824333151878, 730909.9375, 222005.671875), (0.7331493013972056, 730909.9375, 222005.6875), (0.7664742696425331, 730910.0, 222005.6875), (0.7997992378878606, 730909.9375, 222005.6875), (0.8331242061331882, 730910.0, 222005.6875), (0.8664491743785157, 730909.875, 222005.671875), (0.8997741426238431, 730909.875, 222005.671875), (0.9330991108691707, 730910.0, 222005.6875), (0.9664240791144982, 730910.0, 222005.6875)]"
45,0.16662484122663762,,70,62,CELL_C_1,"[(0.19994980947196514, 730909.9375, 222005.703125), (0.2332747777172927, 730909.875, 222005.703125), (0.2665997459626202, 730909.875, 222005.703125)]","[(0.4332245871892578, 730909.9375, 222005.6875), (0.4665495554345854, 730910.0, 222005.703125)]"
46,0.2665997459626202,,70,62,CELL_C_1,"[(0.19994980947196514, 730909.9375, 222005.703125), (0.2332747777172927, 730909.875, 222005.703125), (0.2665997459626202, 730909.875, 222005.703125)]","[(0.5331994919252404, 730909.9375, 222005.703125), (0.5665244601705679, 730910.0, 222005.703125), (0.5998494284158954, 730910.0, 222005.6875)]"
47,0.6998243331518781,,70,90,CELL_C_1,"[(0.19994980947196514, 730909.9375, 222005.703125), (0.2332747777172927, 730909.875, 222005.703125), (0.2665997459626202, 730909.875, 222005.703125)]","[(0.9664240791144982, 730909.9375, 222005.6875)]"
48,0.3665746506986028,,55,73,CELL_X_10,"[(0.0, 730911.5, 222006.8125), (0.033324968245327526, 730911.5, 222006.8125), (0.06664993649065505, 730911.5, 222006.8125), (0.09997490473598257, 730911.5, 222006.8125), (0.1332998729813101, 730911.5, 222006.828125), (0.16662484122663762, 730911.5, 222006.828125), (0.19994980947196514, 730911.5, 222006.828125), (0.2332747777172927, 730911.4375, 222006.796875), (0.2665997459626202, 730911.5, 222006.8125), (0.2999247142079477, 730911.5, 222006.796875)]","[(0.6664993649065505, 730911.5, 222006.84375), (0.699824333151878, 730911.4375, 222006.84375), (0.7331493013972056, 730911.5, 222006.84375), (0.7664742696425331, 730911.5, 222006.84375), (0.7997992378878606, 730911.4375, 222006.828125), (0.8331242061331882, 730911.4375, 222006.828125), (0.8664491743785157, 730911.4375, 222006.828125), (0.8997741426238431, 730911.4375, 222006.84375), (0.9330991108691707, 730911.4375, 222006.828125), (0.9664240791144982, 730911.5, 222006.828125)]"
49,0.16662484122663768,,59,84,CELL_Q_11,"[(0.06664993649065505, 730911.5, 222006.4375), (0.09997490473598257, 730911.5625, 222006.4375), (0.1332998729813101, 730911.5625, 222006.4375), (0.16662484122663762, 730911.5625, 222006.453125), (0.19994980947196514, 730911.5625, 222006.453125), (0.2332747777172927, 730911.5625, 222006.453125), (0.2665997459626202, 730911.5625, 222006.453125), (0.2999247142079477, 730911.5625, 222006.453125), (0.33324968245327524, 730911.5, 222006.453125), (0.3665746506986028, 730911.5625, 222006.453125), (0.3998996189439303, 730911.625, 222006.46875), (0.4332245871892578, 730911.5, 222006.453125), (0.4665495554345854, 730911.625, 222006.46875), (0.49987452367991286, 730911.625, 222006.46875), (0.5331994919252404, 730911.625, 222006.46875), (0.5665244601705679, 730911.5625, 222006.453125)]","[(0.7331493013972056, 730911.5625, 222006.453125), (0.7664742696425331, 730911.5625, 222006.453125), (0.7997992378878606, 730911.5625, 222006.453125), (0.8331242061331882, 730911.5, 222006.4375), (0.8664491743785157, 730911.5625, 222006.453125), (0.8997741426238431, 730911.5625, 222006.453125), (0.9330991108691707, 730911.5625, 222006.453125), (0.9664240791144982, 730911.5625, 222006.453125)]"
50,0.06664993649065504,,69,69,CELL_I_5,"[(0.19994980947196514, 730910.5, 222006.046875), (0.2332747777172927, 730910.5, 222006.03125), (0.2665997459626202, 730910.5, 222006.046875)]","[(0.33324968245327524, 730910.5, 222006.03125)]"
51,0.16662484122663762,,69,69,CELL_I_5,"[(0.19994980947196514, 730910.5, 222006.046875), (0.2332747777172927, 730910.5, 222006.03125), (0.2665997459626202, 730910.5, 222006.046875)]","[(0.4332245871892578, 730910.5625, 222006.03125), (0.4665495554345854, 730910.5625, 222006.046875), (0.49987452367991286, 730910.5, 222006.03125), (0.5331994919252404, 730910.5625, 222006.0625), (0.5665244601705679, 730910.5, 222006.03125), (0.5998494284158954, 730910.5625, 222006.046875), (0.633174396661223, 730910.5, 222006.03125), (0.6664993649065505, 730910.5625, 222006.046875), (0.699824333151878, 730910.5, 222006.03125), (0.7331493013972056, 730910.5625, 222006.046875), (0.7664742696425331, 730910.5, 222006.015625), (0.7997992378878606, 730910.5625, 222006.03125)]"
52,0.09997490473598258,,69,69,CELL_I_5,"[(0.33324968245327524, 730910.5, 222006.03125)]","[(0.4332245871892578, 730910.5625, 222006.03125), (0.4665495554345854, 730910.5625, 222006.046875), (0.49987452367991286, 730910.5, 222006.03125), (0.5331994919252404, 730910.5625, 222006.0625), (0.5665244601705679, 730910.5, 222006.03125), (0.5998494284158954, 730910.5625, 222006.046875), (0.633174396661223, 730910.5, 222006.03125), (0.6664993649065505, 730910.5625, 222006.046875), (0.699824333151878, 730910.5, 222006.03125), (0.7331493013972056, 730910.5625, 222006.046875), (0.7664742696425331, 730910.5, 222006.015625), (0.7997992378878606, 730910.5625, 222006.03125)]"
