idx,track_a,track_b,pet,frame,angle_fl,angle_world,consist_a,consist_b,max_gap_40,max_jump,n_a,n_b,max_p95,max_p99,max_frac,decel_max,pred_min_sep,pred_t_min,verdict,is_N
0,22000,2000,0.5998494284158954,81,0.0197627145117849,0.0306707525651575,28.03414183918343,6.491115913535887,1,48.23684950474152,253,266,4.136300125106755,6.241978111700165,0.0037735849056603,0.0031611459239771,1.357887836310039,0.0,Y,0
1,44000,2000,0.699824333151878,44,,,,10.21387687204546,41,70.6676313624057,22,266,12.719134215146262,59.07793193295385,0.0476190476190476,-0.0035420671822314,,,N,1
2,60000,2000,0.9330991108691707,44,173.48552273813726,171.20274075615924,21.635518640901303,10.21387687204546,4,59.30343763463081,278,266,3.5600235460602203,37.66406653552698,0.0180505415162454,0.0026372123673973,1.360830417563854,0.0,N,1
3,65006,2000,0.8331242061331882,107,,,,7.5410661775462176,38,51.30923919129504,13,266,25.12689371939396,46.07277009691485,0.0833333333333333,-0.0093664620064244,,,N,1
4,15000,7000,1.7995482852476865,73,163.41526053954087,154.7443143103633,9.054871367736515,14.367802736087183,0,52.81292686647334,253,284,5.087038924559702,8.351108231824067,0.0040485829959514,0.017669677207838,3.881077475892482,0.0,N,1
5,17000,7000,0.8664491743785157,74,175.42821354060533,172.60917753601467,19.733553063020477,11.654909838064055,1,13.109775710256974,275,284,5.9526638254001725,10.097612179965813,0.0,0.0516804384747712,1.9974120804805524,0.0,Y,0
6,7000,22000,1.8328732534930137,177,12.49192402177684,21.16044920788332,11.390267260193497,8.98355685684478,0,11.06004434932014,284,253,4.309321796519318,8.351108231824067,0.0,0.0043264488412147,1.9559446526286952,60.0,Y,0
7,52000,7000,0.066649936490655,55,57.68742673065006,79.06814582277028,36.12144460477417,31.675370395785656,22,53.99946545849559,37,284,4.309321796519318,36.96359033359305,0.0294117647058823,-0.0118456242275186,0.4351598512129375,0.0,Y,0
8,11000,10000,0.4998745236799128,27,,,,8.708318906914137,34,5.400896674655831,14,40,5.14513717920312,5.389152609642965,0.0,0.0329376885688405,,,N,1
9,15000,17000,0.633174396661223,24,1.6210500063781978,2.125106163865638,8.873585768985064,12.196618495939289,0,52.81292686647334,253,275,5.9526638254001725,10.097612179965813,0.0040485829959514,0.0263996713135045,2.3291318316907925,0.0,N,1
10,24000,15000,1.2330238250771184,110,1.436802233467688,1.8853443833572427,15.45547804512547,35.692666877542145,6,52.81292686647334,223,253,5.087038924559702,43.01709413176555,0.0184331797235023,0.0350426623198719,0.103646264927492,15.0,Y,0
11,41000,15000,0.3665746506986028,110,14.158671851926158,20.714306118648494,8.83583145089282,35.692666877542145,22,60.155972935888656,102,253,6.265380799117707,22.85456424930801,0.0099009900990099,0.0350426623198719,0.1850034498988646,10.0,N,1
12,47001,15000,0.4998745236799128,201,78.99595672428191,60.49192586612119,23.55834961255828,55.08828632997301,9,52.81292686647334,135,253,5.087038924559702,7.69568400008142,0.0040485829959514,-0.0010390888131651,0.8701887267344527,4.0,N,1
13,49000,15000,1.532948539285066,89,,,,23.51263373230522,30,52.81292686647334,53,253,9.11916501606015,11.87834727198086,0.0040485829959514,0.0187469211839379,,,N,1
14,15000,49003,0.9664240791144982,132,102.7563445128585,,10.95996323387321,,20,52.81292686647334,253,124,5.087038924559702,7.69568400008142,0.0040485829959514,0.0941035465670857,3.1182415593667447,0.0,N,1
15,15000,52000,0.8331242061331882,53,113.62710101966164,87.10572841630314,7.608172433261593,34.32306686140476,20,53.99946545849559,253,37,5.087038924559702,36.96359033359305,0.0294117647058823,0.0179418614714125,2.2682141772320223,0.0,N,1
16,59001,15000,0.6664993649065505,57,,,,7.122625493457979,40,52.81292686647334,19,253,7.527556490278673,28.360817405701575,0.0588235294117647,0.0146732465865531,,,N,1
17,60000,15000,1.4996235710397383,83,4.8047180084749925,6.582897987370668,10.7448846632571,17.64955597910244,1,59.30343763463081,278,253,5.087038924559702,37.66406653552698,0.0180505415162454,0.0077741512723772,0.8296337915805957,60.0,N,1
18,97000,15000,1.7328983487570313,201,71.38547086388098,51.30722467236308,8.883616614132285,55.08828632997301,9,52.81292686647334,168,253,5.087038924559702,7.69568400008142,0.0040485829959514,-0.0046435461661598,1.5675308889037467,7.0,N,1
19,16000,26003,1.9328481582289965,280,29.14880441367231,45.149203361132464,5.552046116368018,6.711255953607571,12,16.79135008087184,297,33,16.09721607185765,16.776114219304223,0.0,-0.0571477813227103,6.957112335662869,0.0,N,1
20,24000,17000,1.532948539285066,210,7.440274187516309,8.70846862528903,68.78158519558858,10.87600854037789,12,47.86323456864893,223,275,5.9526638254001725,43.01709413176555,0.0184331797235023,-0.0002419290615869,0.9088394206796876,60.0,N,1
21,26000,17000,1.8328732534930137,170,175.09854804138732,174.04120541153907,13.485199830766463,7.046399201737515,2,60.69633777932363,197,275,5.9526638254001725,52.40973150187919,0.0153846153846153,0.0097136723860482,2.650920963421932,0.0,N,1
22,17000,29000,1.999498094719652,81,29.081064440023454,46.84821499808601,15.068207682008492,9.368293815421548,0,13.125874873684143,275,299,5.9526638254001725,10.097612179965813,0.0,0.0303692323463893,5.080254770673391,0.0,N,1
23,17000,37000,1.5662735075303935,177,56.87953512130065,85.30756272370081,6.404619721810235,105.95248326918636,13,52.52245461399271,275,198,5.9526638254001725,48.31503169348357,0.0155440414507772,0.1679085310844983,2.4496000276920538,0.0,N,1
24,47001,17000,1.2330238250771184,250,45.97818186465479,42.44027456927935,15.41889942361414,66.84673388865548,8,13.109775710256974,135,275,5.9526638254001725,10.097612179965813,0.0,0.0073925176210451,1.210061046881094,14.0,N,1
25,49002,17000,0.066649936490655,116,16.856214991729928,19.35270855384308,79.75775957876711,15.138060550167191,20,56.94887302231739,13,275,29.113369819324472,51.38177238171883,0.0909090909090909,0.0016886612016645,0.959904989264175,0.0,N,1
26,17000,49003,0.0333249682453275,132,92.09679658779449,,16.167885593462977,,20,13.109775710256974,275,124,5.9526638254001725,10.097612179965813,0.0,0.0138934905803857,0.4513811442783561,0.0,Y,0
27,59001,17000,1.6329234440210487,86,,,,15.744780465930306,41,33.569132634557306,19,275,7.527556490278673,28.360817405701575,0.0588235294117647,0.0291899472885655,,,N,1
28,17000,67000,0.3998996189439303,18,141.73723508334717,119.39676513649788,12.197480949662554,27.638097395016104,6,36.75215359206359,275,221,5.9526638254001725,18.85200367471024,0.0091324200913242,0.0225393750473929,1.2138965808348183,0.0,Y,0
29,81000,17000,0.2332747777172927,224,6.376902793211684,,9.35479374229281,10.762711456432289,27,13.109775710256974,142,275,5.9526638254001725,10.097612179965813,0.0,0.019469985286801,0.1352336934218857,54.0,Y,0
30,92003,17000,0.9330991108691707,213,,,,10.724608893138802,41,62.80712911056902,87,275,5.9526638254001725,21.262707386024204,0.0116279069767441,0.0002526955642593,,,N,1
31,92005,17000,0.5331994919252404,250,41.1310800826288,36.14454404455682,8.98180380678227,66.84673388865548,8,13.109775710256974,106,275,5.9526638254001725,10.097612179965813,0.0,0.0073925176210451,0.6614206895863344,12.0,N,1
32,18000,67000,1.0663989838504808,85,,,,8.877268703404804,41,36.75215359206359,65,221,7.195672994826168,18.85200367471024,0.0091324200913242,0.0231328534135794,,,Y,0
33,69000,20000,1.9328481582289965,113,,,,6.463046013235866,41,50.03947802268006,20,272,4.107354331621215,5.168609768884448,0.003690036900369,0.0009492214228444,,,N,1
34,20000,73001,0.5331994919252404,287,,,,35.6112310617665,36,50.03947802268006,272,261,4.320821111269852,6.492549229933367,0.003690036900369,0.1146065645268905,,,Y,0
35,91000,20000,0.2665997459626202,172,17.375922695280366,,55.56207769634322,15.200683702773448,12,50.03947802268006,60,272,3.565425472679787,9.339925189861845,0.003690036900369,-0.0078634830018762,0.3395138801840738,27.0,Y,0
36,41000,21000,1.6329234440210487,59,1.1514834188121768,1.5901147360304009,11.743660852985338,21.87084177448097,3,60.155972935888656,102,296,6.265380799117707,22.85456424930801,0.0099009900990099,0.0036021965052729,3.359042433914726,0.0,N,1
37,52000,22000,1.999498094719652,113,,,,6.363165477400448,41,53.99946545849559,37,253,4.136300125106755,36.96359033359305,0.0294117647058823,-0.0038581678827405,,,N,1
38,22000,65006,0.0333249682453275,87,26.562479351984763,34.99532599928335,25.939572900950253,51.30813573329311,18,51.30923919129504,253,13,25.12689371939396,46.07277009691485,0.0833333333333333,0.0076717601762929,0.2500181378630269,0.0,Y,0
39,69000,22000,1.5995984757757211,103,,,,6.82233966909114,41,7.553919322731786,20,253,4.136300125106755,6.241978111700165,0.0,-0.0051000539516476,,,Y,0
40,22000,110000,1.332998729813101,268,159.27575495760044,,67.13076509208484,43.14389595745121,32,9.87687606819005,253,67,5.557013657220805,9.086046332584,0.0,-0.0114000379826177,,,Y,0
41,24000,26000,1.0330740156051532,62,0.4373765210202123,0.5829256160508862,21.12736247847152,23.30390520108463,5,60.69633777932363,223,197,5.597095087198268,52.40973150187919,0.0184331797235023,0.0036148863682056,0.9015676545318716,60.0,Y,0
42,32000,24000,0.5665244601705679,38,4.96379392419334,6.843622714293844,9.356704122638147,18.381249416501667,6,53.01688179550583,259,223,3.95911348248268,43.01709413176555,0.0184331797235023,0.0112767164897167,0.6832763296120326,60.0,N,1
43,24000,41000,1.0330740156051532,81,0.9074650741989104,1.2050403371894802,19.38760395638685,30.865423991283546,2,60.155972935888656,223,102,6.265380799117707,43.01709413176555,0.0184331797235023,0.0068026971364959,0.820754786782511,60.0,Y,0
44,24000,59002,1.3663236980584286,56,12.288905962076171,14.346604130972374,19.751418741184285,,11,58.29192136226902,223,19,20.40804616649096,50.7151463231134,0.0666666666666666,-0.0038950753464693,,,N,1
45,24000,92001,0.8997741426238431,92,165.0920215866156,157.66926676527171,16.304874117141747,,20,51.086619843397095,223,3,48.69781076597389,50.60885802791245,0.5,0.0077025687772758,,,N,1
46,24000,92003,0.9330991108691707,96,2.726292820613992,3.818861178213659,14.803739504808885,23.524220459577947,20,62.80712911056902,223,87,3.95911348248268,43.01709413176555,0.0184331797235023,0.002685974556518,0.8859220635437414,60.0,N,1
47,24000,94000,0.0333249682453275,117,159.3808821885628,,15.48545045333936,59.8600322960536,14,47.86323456864893,223,65,9.722288817854722,43.01709413176555,0.0526315789473684,0.0026721502859811,0.3499117279878553,0.0,Y,0
48,95000,24000,1.766223317002359,181,3.0342947092759687,3.661282992342223,8.258316162689331,52.28376227901455,16,47.86323456864893,188,223,3.95911348248268,43.01709413176555,0.0184331797235023,-0.0054323714642292,2.029294386315572,0.0,N,1
49,97000,24000,0.5998494284158954,181,5.995198889601255,7.031105753313483,9.732164343470645,52.28376227901455,16,47.86323456864893,168,223,3.95911348248268,43.01709413176555,0.0184331797235023,-0.0023565516801129,1.0289209714698833,0.0,N,1
50,26000,25000,0.2332747777172927,213,97.88576276393968,72.11231965368947,28.36745523160229,16.075721364691397,20,60.69633777932363,197,279,5.597095087198268,52.40973150187919,0.0153846153846153,0.0002908957414565,0.4515413669986882,8.0,Y,0
51,28000,25000,1.8328732534930137,192,1.05875501704719,1.273110035144413,9.394115228291342,8.12428069829207,0,34.08518098911616,269,279,11.567742226867813,13.292842021274923,0.0072202166064981,-0.0032591917975532,4.280928756004413,0.0,N,1
52,46002,25000,0.0999749047359825,21,116.55619733405833,89.51566956335013,51.937698294598064,28.481746958135925,19,69.89922525060635,8,279,63.90899775735041,68.70117975195515,0.2857142857142857,0.000945721086579,0.3396684848899339,0.0,N,1
53,78000,25000,1.8995231899836689,192,0.7833540289070697,0.9444376084744874,,8.12428069829207,18,34.08518098911616,135,279,7.115484635715923,11.408464250378476,0.0072202166064981,-0.0032591917975532,,,N,1
54,25000,95000,1.4329736345490836,115,1.0547742403155382,1.147217200226919,8.224331919788918,30.46998633103963,15,41.81458929164619,279,188,4.371660473747241,7.291945748330541,0.0072202166064981,-0.0044222963764266,2.230958603065577,0.0,N,1
55,32000,26000,1.6329234440210487,90,1.863094417943273,2.39999171721076,11.78608206455261,24.757392889232914,1,60.69633777932363,259,197,5.597095087198268,52.40973150187919,0.0153846153846153,0.0010148850449877,1.4206736343025683,60.0,N,1
56,26000,49003,1.8661982217383413,132,95.03276820921454,,10.096204193594156,,20,60.69633777932363,197,124,5.597095087198268,52.40973150187919,0.0153846153846153,0.1669538899387946,1.4711444574043524,30.0,N,1
57,26000,59002,0.0333249682453275,56,14.185630151984585,16.877790264487913,10.69816173471144,,11,60.69633777932363,197,19,20.40804616649096,52.40973150187919,0.0666666666666666,-0.0019787090298681,,,N,1
58,63000,26000,1.2330238250771184,62,175.20367196531296,173.91498543558856,21.413985186553315,23.30390520108463,3,60.69633777932363,54,197,5.597095087198268,52.40973150187919,0.0153846153846153,0.0036148863682056,1.4909148141227393,6.0,N,1
59,26000,79000,0.5331994919252404,136,5.488697114877027,6.5705888536931525,10.5550264295872,10.53182405921481,5,60.69633777932363,197,273,5.597095087198268,52.40973150187919,0.0153846153846153,0.1532544129535256,1.3182186755716898,0.0,N,1
60,26000,95000,1.6662484122663763,262,,,,7.491247907072545,41,60.69633777932363,197,188,5.597095087198268,52.40973150187919,0.0153846153846153,-0.0013219264595535,,,N,1
61,78000,26003,1.999498094719652,256,,,,4.556941500312143,41,16.79135008087184,135,33,16.09721607185765,16.776114219304223,0.0,-0.0245311550263249,,,N,1
62,33000,28000,1.1663738885864634,70,9.274999758163403,10.875011157280142,6.638941761598814,9.563245027025324,8,27.209876352792133,252,269,11.642431174925552,13.292842021274923,0.0,-0.0039566456380126,2.496252916147212,0.0,Y,0
63,29000,91000,0.066649936490655,225,,,109.17604177575032,,20,13.125874873684143,299,60,3.358213336397931,9.339925189861845,0.0,0.0003885398078284,,,Y,0
64,59002,31000,0.1999498094719651,93,115.55152265424113,,97.48665943214472,17.603300881361758,26,58.29192136226902,19,300,20.40804616649096,50.7151463231134,0.0666666666666666,0.0034370938395365,1.3350919271733706,0.0,N,1
65,63000,31000,0.9664240791144982,40,49.94203664750296,,22.709465851983506,25.84453316245393,18,6.096441837604826,54,300,3.8535121363235207,5.557626712655918,0.0,-7.383117456366724e-05,2.415852503137613,32.0,Y,0
66,32000,60000,0.5331994919252404,159,171.76893658628984,170.07998301633725,11.672211616462068,11.69002963233658,8,59.30343763463081,259,278,3.454954756348385,37.66406653552698,0.0180505415162454,-0.0049170334796397,1.062218167382634,0.0,N,1
67,32000,81000,1.8661982217383413,199,169.67254979935362,167.12069208086103,25.941064912504192,12.81355359729595,4,53.01688179550583,259,142,2.9727694080671494,6.919076294691754,0.0078740157480314,0.0077191435642343,1.913063414500791,0.0,N,1
68,32000,94000,0.8664491743785157,117,162.20080568233772,,11.042382011546948,59.8600322960536,14,53.01688179550583,259,65,9.722288817854722,39.99598787342502,0.0526315789473684,0.0060717314675569,0.9423954325564596,2.0,Y,0
69,44002,33000,1.4662986027944112,72,,,,6.95600371976414,41,74.54837981113559,5,252,63.80449341245789,72.39960253140003,0.25,-0.0086037581806149,,,N,1
70,44003,33000,1.3663236980584286,115,,,,4.355483914952429,41,78.0837534135378,28,252,15.09846623357392,63.11025339262431,0.04,-0.0137900839859346,,,N,1
71,33000,78000,1.0997239520958084,68,8.720908843730683,10.186306137870076,6.923017630588094,9.156745726506154,0,27.209876352792133,252,135,11.642431174925552,12.963744509676769,0.0,-0.0038905836049932,2.4604282422864903,0.0,N,1
72,36000,67000,0.5331994919252404,72,169.97656895325574,163.84755989885704,39.10358644177021,15.654903121772245,6,36.75215359206359,242,221,5.487478940584064,18.85200367471024,0.0091324200913242,0.0198464728450062,0.692179081684133,0.0,Y,0
73,37000,49003,0.7331493013972056,180,,,141.59312120028906,50.31648301227159,13,52.52245461399271,198,124,0.983114405003376,48.31503169348357,0.0155440414507772,0.0631601939165951,1.8026194948444951,60.0,Y,0
74,40000,73001,0.9997490473598256,76,14.146482323058104,16.61812300464834,13.238030363394303,15.250002981037776,1,11.60373339696871,245,261,4.320821111269852,6.492549229933367,0.0,0.0026123330113553,1.6857099795267811,0.0,N,1
75,63000,41000,1.266348793322446,63,173.14592065645326,171.2533287695,21.616272604935148,11.923355224221678,3,60.155972935888656,54,102,6.265380799117707,22.85456424930801,0.0099009900990099,-0.0107060270370156,1.8325862514712965,7.0,N,1
76,41000,69000,1.8995231899836689,69,13.21387987284777,16.53787805648893,21.835880348701405,,13,60.155972935888656,102,20,6.265380799117707,22.85456424930801,0.0099009900990099,-0.0183988701469325,,,N,1
77,41000,81000,0.8997741426238431,128,,,,16.302142414100896,40,60.155972935888656,102,142,6.265380799117707,22.85456424930801,0.0099009900990099,0.0173212795737366,,,Y,0
78,41000,92003,0.0999749047359825,102,8.855523940619776,12.990825705819583,12.187711211367278,22.1619334860138,14,62.80712911056902,102,87,6.265380799117707,22.85456424930801,0.0116279069767441,,0.5409127101374305,0.0,Y,0
79,41001,60000,0.633174396661223,178,140.18429779660954,116.58901161760798,24.78513536450519,74.4593897851752,3,76.90315378189077,137,278,3.454954756348385,58.90941003296033,0.0225563909774436,0.0091493258533222,0.7855345916250077,0.0,Y,0
80,79000,41001,1.1996988568317908,114,9.228876240780693,,10.419474487234307,11.491788217819234,20,76.90315378189077,273,137,3.6489776532735503,58.90941003296033,0.0225563909774436,-0.0014439647029227,1.5565985591625555,0.0,N,1
81,42000,45002,1.1330489203411358,60,7.080965060665694,8.460816556003806,15.64576900057274,31.760609024477013,3,10.11022008585728,215,132,2.597748881471205,4.6977171658793,0.0,-0.0004313289764098,1.3572054108349672,0.0,N,1
82,44002,43006,1.6329234440210487,77,,,,,41,74.54837981113559,5,10,63.80449341245789,72.39960253140003,0.25,,,,N,1
83,44000,59002,1.5995984757757211,67,,,,62.92763537068892,41,70.6676313624057,22,19,20.40804616649096,59.07793193295385,0.0666666666666666,-0.1451157957794734,,,N,1
84,60000,44000,0.1666248412266376,21,153.2512191209998,153.92483303117766,40.936924391039376,92.18954101083844,18,70.6676313624057,278,22,12.719134215146262,59.07793193295385,0.0476190476190476,-0.0001138632367105,0.4328581996227562,0.0,Y,0
85,51000,45002,1.999498094719652,86,7.020794733028438,9.121220620647932,20.46294654042501,11.510823381447242,8,38.342258293537306,267,132,5.190148480726707,9.785151613261489,0.0076045627376425,0.0025781292494566,2.014207683386036,0.0,N,1
86,73001,45002,0.7997992378878606,90,9.67514417348588,10.860617166127156,12.942893894548517,13.332774736303492,2,11.60373339696871,261,132,4.320821111269852,6.492549229933367,0.0,-0.0027157213372822,0.9910698289336324,41.0,N,1
87,47000,54000,0.4665495554345854,136,,,,,34,44.54401014980402,70,82,4.584277200396739,17.169017365250042,0.0131578947368421,,,,Y,0
88,47001,60000,0.2665997459626202,212,15.691794653598578,17.70652680225149,12.059362791559392,18.96921857094613,0,59.30343763463081,135,278,3.454954756348385,37.66406653552698,0.0180505415162454,0.0045787260942858,1.1051446933224218,0.0,N,1
89,95000,47001,1.1996988568317908,164,7.718380800610106,9.658904190454194,8.361091350655903,26.131188080774688,20,41.81458929164619,188,135,3.725109924664993,4.801834866536148,0.0053475935828877,-0.0022662343801174,1.683776213759679,0.0,N,1
90,72001,48000,0.8997741426238431,41,,,,12.715317427232549,41,60.46470121450091,5,295,51.71395792005354,58.71455255561143,0.25,-0.0004204579698938,,,N,1
91,78000,48000,1.999498094719652,256,,,,4.750540822923284,41,11.827541463219765,135,295,7.115484635715923,11.408464250378476,0.0,-0.0237972267891368,,,N,1
92,48000,79000,1.2330238250771184,63,108.76473000223164,78.80106906201357,13.738732796177834,48.80427904255226,12,11.280920494447688,295,273,5.507875249827451,6.819722206321524,0.0,-0.0006616635725352,1.4298972426798036,0.0,N,1
93,63000,49000,0.3998996189439303,37,52.25581380869824,79.6932095622704,36.16476367974812,13.1796979202892,18,13.209538747093696,54,53,9.11916501606015,11.87834727198086,0.0,0.0098342538917963,1.3085574175815946,10.0,Y,0
94,59002,49002,0.1666248412266376,91,149.93024039871435,,84.18317940516648,,24,58.29192136226902,19,13,29.113369819324472,51.38177238171883,0.0909090909090909,,,,N,1
95,60000,49002,1.4662986027944112,91,40.89427318091754,,10.270632077672188,,20,59.30343763463081,278,13,29.113369819324472,51.38177238171883,0.0909090909090909,0.0047242182389217,,,N,1
96,59002,49003,1.532948539285066,132,,,,,41,58.29192136226902,19,124,20.40804616649096,50.7151463231134,0.0666666666666666,,,,N,1
97,99000,51000,1.8661982217383413,279,,,,8.732639180640493,41,38.342258293537306,9,267,5.190148480726707,9.785151613261489,0.0076045627376425,0.0150876217737336,,,N,1
98,54001,115000,0.7997992378878606,233,,,,,41,5.019725230310386,7,4,4.993439708724411,5.014468125993191,0.0,,,,N,1
99,57000,67000,0.9664240791144982,100,36.72732920918631,,57.07961954632157,6.9115352860123975,10,36.75215359206359,96,221,4.841202970465041,18.85200367471024,0.0091324200913242,-0.0016105531383125,0.6208871230176131,14.0,Y,0
100,63000,59002,1.399648666303756,67,144.87996925741766,127.15185990294307,20.182739935453377,62.92763537068892,10,58.29192136226902,54,19,20.40804616649096,50.7151463231134,0.0666666666666666,-0.0063643264838916,0.5095917758282508,34.0,N,1
101,63000,60000,0.3998996189439303,37,52.24559252081144,79.67976617621406,36.16476367974812,22.42687209082097,18,59.30343763463081,54,278,3.8535121363235207,37.66406653552698,0.0180505415162454,0.3028678078777708,1.3092745630620155,11.0,Y,0
102,60000,92003,0.0333249682453275,176,11.12255272263834,15.172321988996655,86.42485405118639,23.636545491717037,9,62.80712911056902,278,87,3.454954756348385,37.66406653552698,0.0180505415162454,0.0086726165105323,0.8804229180278967,0.0,Y,0
103,95000,60000,1.6662484122663763,178,131.81046702765508,105.98967262457768,8.100127097392704,74.4593897851752,3,59.30343763463081,188,278,3.725109924664993,37.66406653552698,0.0180505415162454,0.0091493258533222,2.5489524456170263,0.0,N,1
104,71001,80002,0.1999498094719651,118,176.2126228409335,,17.520474461491805,62.53232322776446,20,12.76006110874489,131,12,5.068173232916904,9.776225679349077,0.0,0.0003825467951266,0.5997360591172155,0.0,Y,0
105,76000,73001,1.0663989838504808,85,15.751507817612897,18.169376037637505,16.007957881817994,12.770133359174585,0,11.60373339696871,250,261,4.320821111269852,7.903464813970213,0.0,-0.0017725424763158,1.7280883778200284,0.0,N,1
106,77001,117000,0.2999247142079477,240,64.30282486532951,,87.39516858510156,40.408441143760825,20,44.2922656881488,35,27,28.428559187673475,35.74505282138167,0.0769230769230769,,1.1376698879577691,0.0,Y,0
107,79000,95000,1.0663989838504808,110,6.948068691684881,,10.318957399431552,30.009090934293656,20,41.81458929164619,273,188,3.725109924664993,4.801834866536148,0.0053475935828877,0.0002639156813547,1.476679292126975,0.0,N,1
108,92001,81000,0.9997490473598256,121,,,,16.21750175389884,41,51.086619843397095,3,142,48.69781076597389,50.60885802791245,0.5,0.0124856068424746,,,N,1
109,92003,81000,0.2665997459626202,193,68.22096765845805,96.01890409564088,31.86457524421273,12.197838511810255,26,62.80712911056902,87,142,2.9727694080671494,21.262707386024204,0.0116279069767441,0.0094874966643982,3.4552903461457896,0.0,Y,0
110,94000,81000,1.0663989838504808,151,157.5614145355214,,11.002647577534148,6.259207346006469,10,40.05520401331733,65,142,9.722288817854722,39.99598787342502,0.0526315789473684,0.0058804422263756,0.9325533692441936,15.0,N,1
111,94000,92003,0.3998996189439303,131,95.56104391634612,71.60860435581853,49.102314919562055,9.667458010630757,6,62.80712911056902,65,87,9.722288817854722,39.99598787342502,0.0526315789473684,0.7780196411332143,0.7375153856253015,14.0,Y,0
112,97000,92003,0.7331493013972056,187,111.1985895709794,81.36005032663456,9.620482439795524,27.36641399634602,20,62.80712911056902,168,87,2.644037099573315,21.262707386024204,0.0116279069767441,-0.0007887884687882,1.3336796226893703,4.0,N,1
113,102000,103000,0.066649936490655,206,4.653113342046794,5.922905119650125,11.448701635208666,21.90109288410041,3,8.486377083829344,126,109,3.648311651214048,4.977367853512371,0.0,-0.0015589780606402,0.8832613924027719,0.0,Y,0
