idx,giti_idx,track_a,track_b,pet,frame,conflict_type,grid_cell
1,2,44000,2000,0.699824333151878,44,other,cell_L_2
2,3,60000,2000,0.9330991108691707,44,head_on,cell_L_2
3,4,65006,2000,0.8331242061331882,107,other,cell_K_2
4,6,15000,7000,1.7995482852476865,73,other,cell_I_3
8,12,11000,10000,0.4998745236799128,27,side_swipe,cell_B_3
9,13,15000,17000,0.633174396661223,24,side_swipe,cell_I_3
11,18,41000,15000,0.3665746506986028,110,other,cell_M_1
12,20,47001,15000,0.4998745236799128,201,head_on,cell_O_1
13,21,49000,15000,1.532948539285066,89,side_swipe,cell_L_2
14,22,15000,49003,0.9664240791144982,132,other,cell_L_2
15,23,15000,52000,0.8331242061331882,53,head_on,cell_J_3
16,24,59001,15000,0.6664993649065505,57,crossing,cell_K_2
17,25,60000,15000,1.4996235710397383,83,side_swipe,cell_L_2
18,28,97000,15000,1.7328983487570313,201,head_on,cell_N_1
19,30,16000,26003,1.9328481582289965,280,side_swipe,cell_I_4
20,32,24000,17000,1.532948539285066,210,head_on,cell_N_1
21,33,26000,17000,1.8328732534930137,170,head_on,cell_M_1
22,34,17000,29000,1.999498094719652,81,other,cell_H_3
23,36,17000,37000,1.5662735075303935,177,other,cell_L_2
24,37,47001,17000,1.2330238250771184,250,head_on,cell_N_1
27,39,59001,17000,1.6329234440210487,86,crossing,cell_K_2
30,43,92003,17000,0.9330991108691707,213,crossing,cell_N_1
31,44,92005,17000,0.5331994919252404,250,head_on,cell_N_1
33,50,69000,20000,1.9328481582289965,113,other,cell_J_3
36,54,41000,21000,1.6329234440210487,59,side_swipe,cell_J_2
37,55,52000,22000,1.999498094719652,113,crossing,cell_J_3
42,60,32000,24000,0.5665244601705679,38,side_swipe,cell_L_1
44,62,24000,59002,1.3663236980584286,56,crossing,cell_K_2
45,64,24000,92001,0.8997741426238431,92,side_swipe,cell_L_1
46,65,24000,92003,0.9330991108691707,96,other,cell_M_1
48,66,95000,24000,1.766223317002359,181,crossing,cell_O_1
49,67,97000,24000,0.5998494284158954,181,crossing,cell_N_1
51,69,28000,25000,1.8328732534930137,192,side_swipe,cell_L_2
53,72,78000,25000,1.8995231899836689,192,side_swipe,cell_L_2
54,73,25000,95000,1.4329736345490836,115,rear_end,cell_O_1
55,75,32000,26000,1.6329234440210487,90,side_swipe,cell_M_1
56,76,26000,49003,1.8661982217383413,132,other,cell_L_2
58,77,63000,26000,1.2330238250771184,62,head_on,cell_L_2
59,79,26000,79000,0.5331994919252404,136,side_swipe,cell_M_1
60,80,26000,95000,1.6662484122663763,262,crossing,cell_L_3
61,82,78000,26003,1.999498094719652,256,side_swipe,cell_J_3
64,86,59002,31000,0.1999498094719651,93,crossing,cell_L_1
66,89,32000,60000,0.5331994919252404,159,crossing,cell_N_1
67,91,32000,81000,1.8661982217383413,199,head_on,cell_N_1
69,94,44002,33000,1.4662986027944112,72,other,cell_L_2
70,95,44003,33000,1.3663236980584286,115,crossing,cell_K_3
71,96,33000,78000,1.0997239520958084,68,side_swipe,cell_M_2
74,103,40000,73001,0.9997490473598256,76,side_swipe,cell_D_2
75,105,63000,41000,1.266348793322446,63,head_on,cell_L_1
76,106,41000,69000,1.8995231899836689,69,crossing,cell_J_2
80,110,79000,41001,1.1996988568317908,114,other,cell_O_1
81,111,42000,45002,1.1330489203411358,60,side_swipe,cell_C_1
82,112,44002,43006,1.6329234440210487,77,crossing,cell_L_2
83,114,44000,59002,1.5995984757757211,67,head_on,cell_L_2
85,116,51000,45002,1.999498094719652,86,side_swipe,cell_C_1
86,117,73001,45002,0.7997992378878606,90,side_swipe,cell_C_1
88,121,47001,60000,0.2665997459626202,212,side_swipe,cell_N_1
89,122,95000,47001,1.1996988568317908,164,other,cell_O_1
90,123,72001,48000,0.8997741426238431,41,crossing,cell_N_1
91,124,78000,48000,1.999498094719652,256,side_swipe,cell_J_3
92,125,48000,79000,1.2330238250771184,63,other,cell_O_1
94,128,59002,49002,0.1666248412266376,91,other,cell_L_2
95,129,60000,49002,1.4662986027944112,91,other,cell_L_2
96,131,59002,49003,1.532948539285066,132,other,cell_L_2
97,134,99000,51000,1.8661982217383413,279,head_on,cell_J_2
98,136,54001,115000,0.7997992378878606,233,other,cell_N_3
100,139,63000,59002,1.399648666303756,67,other,cell_L_1
103,142,95000,60000,1.6662484122663763,178,head_on,cell_O_1
105,145,76000,73001,1.0663989838504808,85,side_swipe,cell_D_2
107,147,79000,95000,1.0663989838504808,110,other,cell_O_1
108,148,92001,81000,0.9997490473598256,121,other,cell_M_1
110,150,94000,81000,1.0663989838504808,151,other,cell_M_1
112,152,97000,92003,0.7331493013972056,187,other,cell_N_1
