label_idx,giti_idx
0,1
1,2
2,3
3,4
4,6
5,7
6,9
8,12
9,13
10,15
11,18
12,20
13,21
14,22
15,23
16,24
17,25
18,28
19,30
20,32
21,33
22,34
23,36
24,37
27,39
28,41
29,42
30,43
31,44
32,48
33,50
34,51
35,52
36,54
37,55
39,56
40,57
41,58
42,60
43,61
44,62
45,64
46,65
48,66
49,67
50,68
51,69
53,72
54,73
55,75
56,76
58,77
59,79
60,80
61,82
62,83
64,86
65,87
66,89
67,91
68,93
69,94
70,95
71,96
72,98
73,101
74,103
75,105
76,106
77,107
79,109
80,110
81,111
82,112
83,114
84,115
85,116
86,117
87,119
88,121
89,122
90,123
91,124
92,125
93,127
94,128
95,129
96,131
97,134
98,136
99,138
100,139
101,140
103,142
104,143
105,145
106,146
107,147
108,148
109,149
110,150
111,151
112,152
